data_dia,num_internacoes
2012-01-01,507
2012-01-02,728
2012-01-03,429
2012-01-04,416
2012-01-05,403
2012-01-06,520
2012-01-07,299
2012-01-08,390
2012-01-09,442
2012-01-10,546
2012-01-11,494
2012-01-12,468
2012-01-13,377
2012-01-14,403
2012-01-15,260
2012-01-16,572
2012-01-17,390
2012-01-18,403
2012-01-19,572
2012-01-20,507
2012-01-21,377
2012-01-22,156
2012-01-23,585
2012-01-24,494
2012-01-25,481
2012-01-26,377
2012-01-27,351
2012-01-28,221
2012-01-29,429
2012-01-30,299
2012-01-31,338
2012-02-01,260
2012-02-02,416
2012-02-03,481
2012-02-04,351
2012-02-05,286
2012-02-06,624
2012-02-07,468
2012-02-08,637
2012-02-09,455
2012-02-10,351
2012-02-11,312
2012-02-12,559
2012-02-13,442
2012-02-14,533
2012-02-15,481
2012-02-16,546
2012-02-17,377
2012-02-18,312
2012-02-19,351
2012-02-20,325
2012-02-21,338
2012-02-22,364
2012-02-23,559
2012-02-24,585
2012-02-25,507
2012-02-26,403
2012-02-27,884
2012-02-28,663
2012-02-29,429
2012-03-01,585
2012-03-02,650
2012-03-03,351
2012-03-04,312
2012-03-05,637
2012-03-06,416
2012-03-07,494
2012-03-08,533
2012-03-09,572
2012-03-10,351
2012-03-11,325
2012-03-12,585
2012-03-13,754
2012-03-14,546
2012-03-15,559
2012-03-16,442
2012-03-17,546
2012-03-18,442
2012-03-19,689
2012-03-20,676
2012-03-21,676
2012-03-22,663
2012-03-23,780
2012-03-24,455
2012-03-25,468
2012-03-26,936
2012-03-27,832
2012-03-28,728
2012-03-29,832
2012-03-30,598
2012-03-31,403
2012-04-01,454
2012-04-02,884
2012-04-03,715
2012-04-04,767
2012-04-05,494
2012-04-06,663
2012-04-07,481
2012-04-08,455
2012-04-09,975
2012-04-10,702
2012-04-11,689
2012-04-12,910
2012-04-13,728
2012-04-14,455
2012-04-15,546
2012-04-16,806
2012-04-17,1053
2012-04-18,598
2012-04-19,702
2012-04-20,559
2012-04-21,689
2012-04-22,559
2012-04-23,611
2012-04-24,975
2012-04-25,1014
2012-04-26,741
2012-04-27,1066
2012-04-28,910
2012-04-29,585
2012-04-30,767
2012-05-01,572
2012-05-02,962
2012-05-03,949
2012-05-04,806
2012-05-05,546
2012-05-06,429
2012-05-07,962
2012-05-08,910
2012-05-09,819
2012-05-10,1001
2012-05-11,975
2012-05-12,689
2012-05-13,637
2012-05-14,1196
2012-05-15,975
2012-05-16,910
2012-05-17,1118
2012-05-18,1170
2012-05-19,572
2012-05-20,715
2012-05-21,1066
2012-05-22,1209
2012-05-23,1222
2012-05-24,1066
2012-05-25,1118
2012-05-26,702
2012-05-27,819
2012-05-28,1261
2012-05-29,1040
2012-05-30,1170
2012-05-31,754
2012-06-01,871
2012-06-02,728
2012-06-03,559
2012-06-04,1066
2012-06-05,1105
2012-06-06,936
2012-06-07,585
2012-06-08,546
2012-06-09,507
2012-06-10,663
2012-06-11,845
2012-06-12,1014
2012-06-13,689
2012-06-14,923
2012-06-15,806
2012-06-16,624
2012-06-17,559
2012-06-18,975
2012-06-19,858
2012-06-20,1001
2012-06-21,650
2012-06-22,806
2012-06-23,689
2012-06-24,572
2012-06-25,1131
2012-06-26,832
2012-06-27,702
2012-06-28,741
2012-06-29,806
2012-06-30,520
2012-07-01,663
2012-07-02,949
2012-07-03,832
2012-07-04,845
2012-07-05,650
2012-07-06,715
2012-07-07,493
2012-07-08,637
2012-07-09,858
2012-07-10,793
2012-07-11,897
2012-07-12,624
2012-07-13,715
2012-07-14,429
2012-07-15,455
2012-07-16,701
2012-07-17,806
2012-07-18,676
2012-07-19,559
2012-07-20,676
2012-07-21,455
2012-07-22,481
2012-07-23,637
2012-07-24,689
2012-07-25,650
2012-07-26,831
2012-07-27,676
2012-07-28,416
2012-07-29,403
2012-07-30,585
2012-07-31,611
2012-08-01,648
2012-08-02,429
2012-08-03,572
2012-08-04,403
2012-08-05,286
2012-08-06,689
2012-08-07,507
2012-08-08,663
2012-08-09,559
2012-08-10,596
2012-08-11,337
2012-08-12,299
2012-08-13,520
2012-08-14,611
2012-08-15,533
2012-08-16,636
2012-08-17,468
2012-08-18,455
2012-08-19,312
2012-08-20,727
2012-08-21,754
2012-08-22,507
2012-08-23,715
2012-08-24,414
2012-08-25,325
2012-08-26,260
2012-08-27,688
2012-08-28,481
2012-08-29,520
2012-08-30,571
2012-08-31,416
2012-09-01,494
2012-09-02,429
2012-09-03,688
2012-09-04,494
2012-09-05,623
2012-09-06,676
2012-09-07,546
2012-09-08,494
2012-09-09,377
2012-09-10,702
2012-09-11,533
2012-09-12,728
2012-09-13,479
2012-09-14,571
2012-09-15,350
2012-09-16,454
2012-09-17,649
2012-09-18,624
2012-09-19,726
2012-09-20,634
2012-09-21,481
2012-09-22,338
2012-09-23,245
2012-09-24,593
2012-09-25,554
2012-09-26,374
2012-09-27,413
2012-09-28,454
2012-09-29,270
2012-09-30,438
2012-10-01,557
2012-10-02,501
2012-10-03,439
2012-10-04,645
2012-10-05,611
2012-10-06,408
2012-10-07,310
2012-10-08,691
2012-10-09,541
2012-10-10,427
2012-10-11,414
2012-10-12,411
2012-10-13,438
2012-10-14,246
2012-10-15,477
2012-10-16,541
2012-10-17,696
2012-10-18,390
2012-10-19,529
2012-10-20,361
2012-10-21,242
2012-10-22,463
2012-10-23,348
2012-10-24,383
2012-10-25,374
2012-10-26,553
2012-10-27,309
2012-10-28,297
2012-10-29,337
2012-10-30,369
2012-10-31,526
2012-11-01,490
2012-11-02,335
2012-11-03,307
2012-11-04,321
2012-11-05,488
2012-11-06,488
2012-11-07,396
2012-11-08,499
2012-11-09,422
2012-11-10,345
2012-11-11,243
2012-11-12,439
2012-11-13,361
2012-11-14,359
2012-11-15,309
2012-11-16,243
2012-11-17,243
2012-11-18,318
2012-11-19,411
2012-11-20,459
2012-11-21,478
2012-11-22,473
2012-11-23,446
2012-11-24,411
2012-11-25,244
2012-11-26,512
2012-11-27,411
2012-11-28,576
2012-11-29,421
2012-11-30,379
2012-12-01,403
2012-12-02,341
2012-12-03,482
2012-12-04,545
2012-12-05,325
2012-12-06,390
2012-12-07,390
2012-12-08,416
2012-12-09,315
2012-12-10,560
2012-12-11,424
2012-12-12,386
2012-12-13,272
2012-12-14,415
2012-12-15,350
2012-12-16,238
2012-12-17,362
2012-12-18,279
2012-12-19,385
2012-12-20,346
2012-12-21,409
2012-12-22,354
2012-12-23,269
2012-12-24,218
2012-12-25,206
2012-12-26,616
2012-12-27,452
2012-12-28,510
2012-12-29,437
2012-12-30,193
2012-12-31,276
2013-01-01,516
2013-01-02,492
2013-01-03,468
2013-01-04,432
2013-01-05,384
2013-01-06,312
2013-01-07,420
2013-01-08,468
2013-01-09,384
2013-01-10,444
2013-01-11,360
2013-01-12,288
2013-01-13,192
2013-01-14,384
2013-01-15,336
2013-01-16,420
2013-01-17,264
2013-01-18,408
2013-01-19,228
2013-01-20,336
2013-01-21,360
2013-01-22,468
2013-01-23,276
2013-01-24,300
2013-01-25,336
2013-01-26,264
2013-01-27,288
2013-01-28,300
2013-01-29,396
2013-01-30,312
2013-01-31,348
2013-02-01,492
2013-02-02,264
2013-02-03,204
2013-02-04,360
2013-02-05,468
2013-02-06,276
2013-02-07,312
2013-02-08,264
2013-02-09,276
2013-02-10,264
2013-02-11,348
2013-02-12,348
2013-02-13,408
2013-02-14,564
2013-02-15,444
2013-02-16,396
2013-02-17,384
2013-02-18,516
2013-02-19,540
2013-02-20,456
2013-02-21,468
2013-02-22,360
2013-02-23,312
2013-02-24,312
2013-02-25,372
2013-02-26,480
2013-02-27,420
2013-02-28,408
2013-03-01,492
2013-03-02,396
2013-03-03,480
2013-03-04,576
2013-03-05,456
2013-03-06,528
2013-03-07,360
2013-03-08,468
2013-03-09,420
2013-03-10,384
2013-03-11,624
2013-03-12,468
2013-03-13,588
2013-03-14,576
2013-03-15,540
2013-03-16,432
2013-03-17,300
2013-03-18,564
2013-03-19,468
2013-03-20,552
2013-03-21,468
2013-03-22,504
2013-03-23,300
2013-03-24,504
2013-03-25,780
2013-03-26,552
2013-03-27,612
2013-03-28,408
2013-03-29,360
2013-03-30,456
2013-03-31,252
2013-04-01,648
2013-04-02,660
2013-04-03,636
2013-04-04,636
2013-04-05,636
2013-04-06,648
2013-04-07,504
2013-04-08,1068
2013-04-09,732
2013-04-10,732
2013-04-11,708
2013-04-12,720
2013-04-13,576
2013-04-14,492
2013-04-15,768
2013-04-16,792
2013-04-17,660
2013-04-18,744
2013-04-19,756
2013-04-20,612
2013-04-21,588
2013-04-22,708
2013-04-23,564
2013-04-24,900
2013-04-25,660
2013-04-26,768
2013-04-27,708
2013-04-28,600
2013-04-29,912
2013-04-30,780
2013-05-01,456
2013-05-02,768
2013-05-03,744
2013-05-04,660
2013-05-05,636
2013-05-06,804
2013-05-07,660
2013-05-08,660
2013-05-09,648
2013-05-10,708
2013-05-11,564
2013-05-12,444
2013-05-13,1056
2013-05-14,708
2013-05-15,624
2013-05-16,780
2013-05-17,660
2013-05-18,552
2013-05-19,444
2013-05-20,852
2013-05-21,684
2013-05-22,744
2013-05-23,648
2013-05-24,624
2013-05-25,348
2013-05-26,408
2013-05-27,768
2013-05-28,624
2013-05-29,732
2013-05-30,408
2013-05-31,552
2013-06-01,564
2013-06-02,552
2013-06-03,900
2013-06-04,684
2013-06-05,648
2013-06-06,660
2013-06-07,672
2013-06-08,432
2013-06-09,528
2013-06-10,588
2013-06-11,888
2013-06-12,600
2013-06-13,828
2013-06-14,684
2013-06-15,552
2013-06-16,420
2013-06-17,948
2013-06-18,624
2013-06-19,780
2013-06-20,780
2013-06-21,588
2013-06-22,552
2013-06-23,408
2013-06-24,768
2013-06-25,744
2013-06-26,960
2013-06-27,708
2013-06-28,540
2013-06-29,444
2013-06-30,528
2013-07-01,684
2013-07-02,540
2013-07-03,876
2013-07-04,756
2013-07-05,576
2013-07-06,432
2013-07-07,492
2013-07-08,540
2013-07-09,708
2013-07-10,756
2013-07-11,624
2013-07-12,636
2013-07-13,540
2013-07-14,456
2013-07-15,660
2013-07-16,660
2013-07-17,720
2013-07-18,768
2013-07-19,744
2013-07-20,504
2013-07-21,384
2013-07-22,756
2013-07-23,672
2013-07-24,432
2013-07-25,336
2013-07-26,528
2013-07-27,468
2013-07-28,276
2013-07-29,636
2013-07-30,636
2013-07-31,456
2013-08-01,588
2013-08-02,636
2013-08-03,432
2013-08-04,336
2013-08-05,636
2013-08-06,504
2013-08-07,612
2013-08-08,504
2013-08-09,504
2013-08-10,408
2013-08-11,264
2013-08-12,540
2013-08-13,588
2013-08-14,516
2013-08-15,456
2013-08-16,468
2013-08-17,528
2013-08-18,348
2013-08-19,551
2013-08-20,492
2013-08-21,588
2013-08-22,420
2013-08-23,576
2013-08-24,395
2013-08-25,492
2013-08-26,516
2013-08-27,420
2013-08-28,600
2013-08-29,456
2013-08-30,444
2013-08-31,396
2013-09-01,382
2013-09-02,515
2013-09-03,420
2013-09-04,528
2013-09-05,347
2013-09-06,478
2013-09-07,288
2013-09-08,336
2013-09-09,575
2013-09-10,503
2013-09-11,599
2013-09-12,443
2013-09-13,431
2013-09-14,480
2013-09-15,192
2013-09-16,599
2013-09-17,514
2013-09-18,611
2013-09-19,357
2013-09-20,432
2013-09-21,359
2013-09-22,190
2013-09-23,510
2013-09-24,380
2013-09-25,419
2013-09-26,275
2013-09-27,420
2013-09-28,274
2013-09-29,309
2013-09-30,464
2013-10-01,660
2013-10-02,392
2013-10-03,355
2013-10-04,567
2013-10-05,251
2013-10-06,311
2013-10-07,368
2013-10-08,332
2013-10-09,418
2013-10-10,357
2013-10-11,546
2013-10-12,179
2013-10-13,250
2013-10-14,550
2013-10-15,285
2013-10-16,534
2013-10-17,380
2013-10-18,477
2013-10-19,405
2013-10-20,379
2013-10-21,536
2013-10-22,415
2013-10-23,520
2013-10-24,511
2013-10-25,520
2013-10-26,366
2013-10-27,238
2013-10-28,498
2013-10-29,444
2013-10-30,508
2013-10-31,341
2013-11-01,374
2013-11-02,301
2013-11-03,292
2013-11-04,425
2013-11-05,515
2013-11-06,542
2013-11-07,282
2013-11-08,398
2013-11-09,318
2013-11-10,330
2013-11-11,398
2013-11-12,524
2013-11-13,446
2013-11-14,387
2013-11-15,213
2013-11-16,316
2013-11-17,220
2013-11-18,550
2013-11-19,573
2013-11-20,348
2013-11-21,472
2013-11-22,329
2013-11-23,188
2013-11-24,339
2013-11-25,475
2013-11-26,431
2013-11-27,349
2013-11-28,452
2013-11-29,350
2013-11-30,240
2013-12-01,363
2013-12-02,511
2013-12-03,374
2013-12-04,427
2013-12-05,380
2013-12-06,391
2013-12-07,313
2013-12-08,261
2013-12-09,337
2013-12-10,394
2013-12-11,290
2013-12-12,376
2013-12-13,302
2013-12-14,244
2013-12-15,374
2013-12-16,413
2013-12-17,241
2013-12-18,331
2013-12-19,317
2013-12-20,332
2013-12-21,331
2013-12-22,307
2013-12-23,258
2013-12-24,201
2013-12-25,179
2013-12-26,570
2013-12-27,417
2013-12-28,257
2013-12-29,355
2013-12-30,407
2013-12-31,220
2014-01-01,308
2014-01-02,418
2014-01-03,506
2014-01-04,297
2014-01-05,275
2014-01-06,374
2014-01-07,484
2014-01-08,473
2014-01-09,429
2014-01-10,451
2014-01-11,263
2014-01-12,330
2014-01-13,385
2014-01-14,451
2014-01-15,506
2014-01-16,242
2014-01-17,352
2014-01-18,264
2014-01-19,165
2014-01-20,429
2014-01-21,341
2014-01-22,440
2014-01-23,308
2014-01-24,253
2014-01-25,253
2014-01-26,275
2014-01-27,286
2014-01-28,264
2014-01-29,286
2014-01-30,363
2014-01-31,187
2014-02-01,209
2014-02-02,220
2014-02-03,319
2014-02-04,319
2014-02-05,242
2014-02-06,198
2014-02-07,165
2014-02-08,231
2014-02-09,253
2014-02-10,275
2014-02-11,308
2014-02-12,341
2014-02-13,330
2014-02-14,286
2014-02-15,198
2014-02-16,176
2014-02-17,231
2014-02-18,385
2014-02-19,407
2014-02-20,187
2014-02-21,209
2014-02-22,99
2014-02-23,121
2014-02-24,231
2014-02-25,385
2014-02-26,374
2014-02-27,385
2014-02-28,363
2014-03-01,154
2014-03-02,165
2014-03-03,165
2014-03-04,374
2014-03-05,363
2014-03-06,363
2014-03-07,264
2014-03-08,231
2014-03-09,198
2014-03-10,264
2014-03-11,407
2014-03-12,319
2014-03-13,198
2014-03-14,297
2014-03-15,242
2014-03-16,132
2014-03-17,286
2014-03-18,396
2014-03-19,429
2014-03-20,275
2014-03-21,253
2014-03-22,165
2014-03-23,209
2014-03-24,462
2014-03-25,528
2014-03-26,473
2014-03-27,363
2014-03-28,275
2014-03-29,363
2014-03-30,209
2014-03-31,429
2014-04-01,484
2014-04-02,517
2014-04-03,451
2014-04-04,330
2014-04-05,308
2014-04-06,275
2014-04-07,440
2014-04-08,462
2014-04-09,429
2014-04-10,396
2014-04-11,440
2014-04-12,429
2014-04-13,418
2014-04-14,418
2014-04-15,473
2014-04-16,550
2014-04-17,495
2014-04-18,407
2014-04-19,330
2014-04-20,253
2014-04-21,484
2014-04-22,572
2014-04-23,418
2014-04-24,627
2014-04-25,418
2014-04-26,352
2014-04-27,363
2014-04-28,726
2014-04-29,352
2014-04-30,473
2014-05-01,341
2014-05-02,506
2014-05-03,396
2014-05-04,264
2014-05-05,539
2014-05-06,671
2014-05-07,550
2014-05-08,726
2014-05-09,528
2014-05-10,374
2014-05-11,275
2014-05-12,572
2014-05-13,528
2014-05-14,528
2014-05-15,550
2014-05-16,605
2014-05-17,429
2014-05-18,341
2014-05-19,649
2014-05-20,704
2014-05-21,473
2014-05-22,682
2014-05-23,550
2014-05-24,418
2014-05-25,341
2014-05-26,660
2014-05-27,506
2014-05-28,517
2014-05-29,418
2014-05-30,352
2014-05-31,253
2014-06-01,308
2014-06-02,462
2014-06-03,561
2014-06-04,704
2014-06-05,495
2014-06-06,539
2014-06-07,550
2014-06-08,396
2014-06-09,770
2014-06-10,528
2014-06-11,528
2014-06-12,495
2014-06-13,528
2014-06-14,429
2014-06-15,352
2014-06-16,484
2014-06-17,539
2014-06-18,605
2014-06-19,308
2014-06-20,484
2014-06-21,319
2014-06-22,198
2014-06-23,374
2014-06-24,352
2014-06-25,429
2014-06-26,417
2014-06-27,418
2014-06-28,363
2014-06-29,275
2014-06-30,451
2014-07-01,429
2014-07-02,319
2014-07-03,473
2014-07-04,286
2014-07-05,319
2014-07-06,352
2014-07-07,473
2014-07-08,396
2014-07-09,505
2014-07-10,275
2014-07-11,330
2014-07-12,341
2014-07-13,286
2014-07-14,494
2014-07-15,451
2014-07-16,616
2014-07-17,504
2014-07-18,407
2014-07-19,297
2014-07-20,286
2014-07-21,473
2014-07-22,484
2014-07-23,561
2014-07-24,550
2014-07-25,418
2014-07-26,352
2014-07-27,319
2014-07-28,561
2014-07-29,440
2014-07-30,484
2014-07-31,462
2014-08-01,505
2014-08-02,286
2014-08-03,396
2014-08-04,670
2014-08-05,571
2014-08-06,440
2014-08-07,418
2014-08-08,539
2014-08-09,297
2014-08-10,297
2014-08-11,660
2014-08-12,638
2014-08-13,603
2014-08-14,484
2014-08-15,484
2014-08-16,506
2014-08-17,286
2014-08-18,528
2014-08-19,616
2014-08-20,627
2014-08-21,495
2014-08-22,802
2014-08-23,583
2014-08-24,395
2014-08-25,593
2014-08-26,594
2014-08-27,626
2014-08-28,472
2014-08-29,561
2014-08-30,374
2014-08-31,319
2014-09-01,440
2014-09-02,604
2014-09-03,407
2014-09-04,363
2014-09-05,451
2014-09-06,385
2014-09-07,385
2014-09-08,451
2014-09-09,571
2014-09-10,671
2014-09-11,582
2014-09-12,527
2014-09-13,252
2014-09-14,374
2014-09-15,690
2014-09-16,506
2014-09-17,537
2014-09-18,483
2014-09-19,395
2014-09-20,406
2014-09-21,286
2014-09-22,560
2014-09-23,493
2014-09-24,524
2014-09-25,517
2014-09-26,328
2014-09-27,186
2014-09-28,231
2014-09-29,417
2014-09-30,545
2014-10-01,469
2014-10-02,415
2014-10-03,450
2014-10-04,317
2014-10-05,208
2014-10-06,437
2014-10-07,483
2014-10-08,515
2014-10-09,426
2014-10-10,395
2014-10-11,383
2014-10-12,380
2014-10-13,492
2014-10-14,424
2014-10-15,544
2014-10-16,435
2014-10-17,393
2014-10-18,280
2014-10-19,187
2014-10-20,439
2014-10-21,284
2014-10-22,525
2014-10-23,339
2014-10-24,402
2014-10-25,339
2014-10-26,263
2014-10-27,456
2014-10-28,445
2014-10-29,580
2014-10-30,468
2014-10-31,545
2014-11-01,541
2014-11-02,230
2014-11-03,453
2014-11-04,346
2014-11-05,531
2014-11-06,342
2014-11-07,552
2014-11-08,302
2014-11-09,367
2014-11-10,423
2014-11-11,519
2014-11-12,447
2014-11-13,323
2014-11-14,327
2014-11-15,301
2014-11-16,271
2014-11-17,421
2014-11-18,528
2014-11-19,454
2014-11-20,277
2014-11-21,291
2014-11-22,403
2014-11-23,224
2014-11-24,518
2014-11-25,474
2014-11-26,353
2014-11-27,367
2014-11-28,493
2014-11-29,269
2014-11-30,289
2014-12-01,441
2014-12-02,527
2014-12-03,459
2014-12-04,382
2014-12-05,335
2014-12-06,289
2014-12-07,280
2014-12-08,437
2014-12-09,318
2014-12-10,534
2014-12-11,272
2014-12-12,313
2014-12-13,263
2014-12-14,209
2014-12-15,375
2014-12-16,391
2014-12-17,409
2014-12-18,362
2014-12-19,317
2014-12-20,337
2014-12-21,364
2014-12-22,365
2014-12-23,288
2014-12-24,303
2014-12-25,317
2014-12-26,354
2014-12-27,306
2014-12-28,279
2014-12-29,410
2014-12-30,320
2014-12-31,330
2015-01-01,300
2015-01-02,370
2015-01-03,240
2015-01-04,200
2015-01-05,320
2015-01-06,330
2015-01-07,420
2015-01-08,370
2015-01-09,400
2015-01-10,200
2015-01-11,290
2015-01-12,400
2015-01-13,410
2015-01-14,430
2015-01-15,370
2015-01-16,440
2015-01-17,320
2015-01-18,270
2015-01-19,430
2015-01-20,320
2015-01-21,410
2015-01-22,230
2015-01-23,310
2015-01-24,230
2015-01-25,250
2015-01-26,530
2015-01-27,440
2015-01-28,400
2015-01-29,280
2015-01-30,220
2015-01-31,280
2015-02-01,270
2015-02-02,370
2015-02-03,260
2015-02-04,320
2015-02-05,250
2015-02-06,380
2015-02-07,250
2015-02-08,200
2015-02-09,280
2015-02-10,350
2015-02-11,390
2015-02-12,350
2015-02-13,340
2015-02-14,490
2015-02-15,240
2015-02-16,290
2015-02-17,360
2015-02-18,290
2015-02-19,300
2015-02-20,370
2015-02-21,320
2015-02-22,300
2015-02-23,340
2015-02-24,420
2015-02-25,360
2015-02-26,360
2015-02-27,290
2015-02-28,200
2015-03-01,360
2015-03-02,400
2015-03-03,380
2015-03-04,420
2015-03-05,360
2015-03-06,370
2015-03-07,310
2015-03-08,310
2015-03-09,390
2015-03-10,440
2015-03-11,450
2015-03-12,460
2015-03-13,360
2015-03-14,300
2015-03-15,370
2015-03-16,400
2015-03-17,400
2015-03-18,500
2015-03-19,370
2015-03-20,480
2015-03-21,390
2015-03-22,270
2015-03-23,590
2015-03-24,380
2015-03-25,490
2015-03-26,450
2015-03-27,360
2015-03-28,490
2015-03-29,370
2015-03-30,540
2015-03-31,390
2015-04-01,550
2015-04-02,400
2015-04-03,480
2015-04-04,400
2015-04-05,460
2015-04-06,790
2015-04-07,450
2015-04-08,710
2015-04-09,630
2015-04-10,690
2015-04-11,520
2015-04-12,590
2015-04-13,750
2015-04-14,930
2015-04-15,680
2015-04-16,730
2015-04-17,790
2015-04-18,800
2015-04-19,580
2015-04-20,860
2015-04-21,720
2015-04-22,850
2015-04-23,550
2015-04-24,740
2015-04-25,670
2015-04-26,770
2015-04-27,730
2015-04-28,850
2015-04-29,560
2015-04-30,600
2015-05-01,890
2015-05-02,610
2015-05-03,590
2015-05-04,860
2015-05-05,910
2015-05-06,820
2015-05-07,630
2015-05-08,870
2015-05-09,500
2015-05-10,610
2015-05-11,830
2015-05-12,840
2015-05-13,830
2015-05-14,560
2015-05-15,980
2015-05-16,670
2015-05-17,790
2015-05-18,810
2015-05-19,1090
2015-05-20,900
2015-05-21,780
2015-05-22,1060
2015-05-23,660
2015-05-24,570
2015-05-25,920
2015-05-26,910
2015-05-27,890
2015-05-28,700
2015-05-29,720
2015-05-30,370
2015-05-31,620
2015-06-01,840
2015-06-02,790
2015-06-03,770
2015-06-04,600
2015-06-05,530
2015-06-06,610
2015-06-07,420
2015-06-08,1000
2015-06-09,700
2015-06-10,600
2015-06-11,720
2015-06-12,630
2015-06-13,530
2015-06-14,510
2015-06-15,660
2015-06-16,609
2015-06-17,630
2015-06-18,550
2015-06-19,470
2015-06-20,330
2015-06-21,460
2015-06-22,590
2015-06-23,640
2015-06-24,460
2015-06-25,520
2015-06-26,480
2015-06-27,390
2015-06-28,360
2015-06-29,700
2015-06-30,500
2015-07-01,630
2015-07-02,399
2015-07-03,680
2015-07-04,460
2015-07-05,320
2015-07-06,520
2015-07-07,600
2015-07-08,590
2015-07-09,530
2015-07-10,530
2015-07-11,420
2015-07-12,440
2015-07-13,730
2015-07-14,610
2015-07-15,700
2015-07-16,570
2015-07-17,650
2015-07-18,460
2015-07-19,340
2015-07-20,550
2015-07-21,580
2015-07-22,600
2015-07-23,520
2015-07-24,380
2015-07-25,350
2015-07-26,300
2015-07-27,510
2015-07-28,490
2015-07-29,460
2015-07-30,270
2015-07-31,370
2015-08-01,360
2015-08-02,350
2015-08-03,460
2015-08-04,530
2015-08-05,560
2015-08-06,310
2015-08-07,450
2015-08-08,208
2015-08-09,310
2015-08-10,430
2015-08-11,590
2015-08-12,490
2015-08-13,380
2015-08-14,460
2015-08-15,310
2015-08-16,200
2015-08-17,439
2015-08-18,540
2015-08-19,380
2015-08-20,468
2015-08-21,410
2015-08-22,330
2015-08-23,259
2015-08-24,409
2015-08-25,430
2015-08-26,380
2015-08-27,370
2015-08-28,400
2015-08-29,400
2015-08-30,290
2015-08-31,360
2015-09-01,300
2015-09-02,400
2015-09-03,350
2015-09-04,380
2015-09-05,330
2015-09-06,240
2015-09-07,300
2015-09-08,400
2015-09-09,548
2015-09-10,290
2015-09-11,340
2015-09-12,410
2015-09-13,150
2015-09-14,320
2015-09-15,360
2015-09-16,499
2015-09-17,339
2015-09-18,348
2015-09-19,370
2015-09-20,378
2015-09-21,428
2015-09-22,440
2015-09-23,470
2015-09-24,338
2015-09-25,360
2015-09-26,400
2015-09-27,339
2015-09-28,459
2015-09-29,327
2015-09-30,399
2015-10-01,430
2015-10-02,409
2015-10-03,279
2015-10-04,378
2015-10-05,338
2015-10-06,457
2015-10-07,539
2015-10-08,450
2015-10-09,308
2015-10-10,308
2015-10-11,249
2015-10-12,239
2015-10-13,419
2015-10-14,439
2015-10-15,428
2015-10-16,455
2015-10-17,298
2015-10-18,248
2015-10-19,468
2015-10-20,316
2015-10-21,419
2015-10-22,416
2015-10-23,436
2015-10-24,327
2015-10-25,247
2015-10-26,486
2015-10-27,408
2015-10-28,434
2015-10-29,444
2015-10-30,247
2015-10-31,197
2015-11-01,319
2015-11-02,347
2015-11-03,433
2015-11-04,338
2015-11-05,443
2015-11-06,433
2015-11-07,317
2015-11-08,326
2015-11-09,453
2015-11-10,416
2015-11-11,481
2015-11-12,325
2015-11-13,308
2015-11-14,237
2015-11-15,275
2015-11-16,628
2015-11-17,375
2015-11-18,519
2015-11-19,392
2015-11-20,267
2015-11-21,306
2015-11-22,280
2015-11-23,384
2015-11-24,429
2015-11-25,421
2015-11-26,330
2015-11-27,270
2015-11-28,243
2015-11-29,161
2015-11-30,317
2015-12-01,307
2015-12-02,326
2015-12-03,336
2015-12-04,252
2015-12-05,250
2015-12-06,230
2015-12-07,296
2015-12-08,270
2015-12-09,391
2015-12-10,377
2015-12-11,235
2015-12-12,180
2015-12-13,254
2015-12-14,268
2015-12-15,279
2015-12-16,198
2015-12-17,306
2015-12-18,311
2015-12-19,221
2015-12-20,215
2015-12-21,301
2015-12-22,183
2015-12-23,323
2015-12-24,298
2015-12-25,290
2015-12-26,211
2015-12-27,227
2015-12-28,226
2015-12-29,235
2015-12-30,343
2015-12-31,216
2016-01-01,279
2016-01-02,225
2016-01-03,351
2016-01-04,305
2016-01-05,333
2016-01-06,171
2016-01-07,261
2016-01-08,261
2016-01-09,207
2016-01-10,207
2016-01-11,252
2016-01-12,216
2016-01-13,180
2016-01-14,333
2016-01-15,306
2016-01-16,153
2016-01-17,225
2016-01-18,261
2016-01-19,216
2016-01-20,135
2016-01-21,189
2016-01-22,99
2016-01-23,171
2016-01-24,189
2016-01-25,306
2016-01-26,306
2016-01-27,234
2016-01-28,252
2016-01-29,234
2016-01-30,180
2016-01-31,135
2016-02-01,288
2016-02-02,260
2016-02-03,396
2016-02-04,252
2016-02-05,288
2016-02-06,162
2016-02-07,180
2016-02-08,207
2016-02-09,180
2016-02-10,369
2016-02-11,333
2016-02-12,306
2016-02-13,207
2016-02-14,243
2016-02-15,297
2016-02-16,333
2016-02-17,270
2016-02-18,360
2016-02-19,342
2016-02-20,297
2016-02-21,270
2016-02-22,252
2016-02-23,243
2016-02-24,279
2016-02-25,414
2016-02-26,342
2016-02-27,306
2016-02-28,270
2016-02-29,369
2016-03-01,333
2016-03-02,324
2016-03-03,405
2016-03-04,288
2016-03-05,198
2016-03-06,279
2016-03-07,423
2016-03-08,270
2016-03-09,315
2016-03-10,405
2016-03-11,369
2016-03-12,270
2016-03-13,288
2016-03-14,306
2016-03-15,342
2016-03-16,333
2016-03-17,351
2016-03-18,342
2016-03-19,306
2016-03-20,315
2016-03-21,387
2016-03-22,351
2016-03-23,378
2016-03-24,306
2016-03-25,315
2016-03-26,270
2016-03-27,261
2016-03-28,540
2016-03-29,342
2016-03-30,369
2016-03-31,333
2016-04-01,360
2016-04-02,342
2016-04-03,306
2016-04-04,540
2016-04-05,459
2016-04-06,495
2016-04-07,522
2016-04-08,360
2016-04-09,297
2016-04-10,315
2016-04-11,540
2016-04-12,513
2016-04-13,531
2016-04-14,423
2016-04-15,450
2016-04-16,297
2016-04-17,378
2016-04-18,450
2016-04-19,477
2016-04-20,576
2016-04-21,342
2016-04-22,486
2016-04-23,270
2016-04-24,432
2016-04-25,612
2016-04-26,504
2016-04-27,558
2016-04-28,378
2016-04-29,441
2016-04-30,288
2016-05-01,387
2016-05-02,423
2016-05-03,387
2016-05-04,576
2016-05-05,540
2016-05-06,432
2016-05-07,360
2016-05-08,378
2016-05-09,729
2016-05-10,603
2016-05-11,594
2016-05-12,423
2016-05-13,567
2016-05-14,423
2016-05-15,468
2016-05-16,621
2016-05-17,567
2016-05-18,522
2016-05-19,611
2016-05-20,602
2016-05-21,423
2016-05-22,531
2016-05-23,711
2016-05-24,630
2016-05-25,711
2016-05-26,522
2016-05-27,675
2016-05-28,540
2016-05-29,513
2016-05-30,593
2016-05-31,612
2016-06-01,846
2016-06-02,612
2016-06-03,693
2016-06-04,594
2016-06-05,558
2016-06-06,648
2016-06-07,486
2016-06-08,522
2016-06-09,486
2016-06-10,684
2016-06-11,396
2016-06-12,387
2016-06-13,612
2016-06-14,612
2016-06-15,675
2016-06-16,639
2016-06-17,540
2016-06-18,477
2016-06-19,567
2016-06-20,657
2016-06-21,648
2016-06-22,612
2016-06-23,576
2016-06-24,792
2016-06-25,414
2016-06-26,423
2016-06-27,603
2016-06-28,693
2016-06-29,459
2016-06-30,558
2016-07-01,566
2016-07-02,396
2016-07-03,423
2016-07-04,603
2016-07-05,693
2016-07-06,540
2016-07-07,639
2016-07-08,531
2016-07-09,405
2016-07-10,315
2016-07-11,612
2016-07-12,585
2016-07-13,521
2016-07-14,477
2016-07-15,522
2016-07-16,459
2016-07-17,387
2016-07-18,477
2016-07-19,558
2016-07-20,396
2016-07-21,513
2016-07-22,432
2016-07-23,387
2016-07-24,324
2016-07-25,585
2016-07-26,503
2016-07-27,467
2016-07-28,549
2016-07-29,576
2016-07-30,360
2016-07-31,332
2016-08-01,477
2016-08-02,468
2016-08-03,378
2016-08-04,404
2016-08-05,432
2016-08-06,288
2016-08-07,314
2016-08-08,441
2016-08-09,432
2016-08-10,387
2016-08-11,341
2016-08-12,324
2016-08-13,288
2016-08-14,260
2016-08-15,368
2016-08-16,242
2016-08-17,405
2016-08-18,315
2016-08-19,441
2016-08-20,342
2016-08-21,261
2016-08-22,207
2016-08-23,297
2016-08-24,252
2016-08-25,288
2016-08-26,351
2016-08-27,251
2016-08-28,279
2016-08-29,405
2016-08-30,315
2016-08-31,314
2016-09-01,341
2016-09-02,216
2016-09-03,333
2016-09-04,198
2016-09-05,377
2016-09-06,248
2016-09-07,270
2016-09-08,278
2016-09-09,296
2016-09-10,286
2016-09-11,215
2016-09-12,341
2016-09-13,259
2016-09-14,314
2016-09-15,340
2016-09-16,333
2016-09-17,162
2016-09-18,144
2016-09-19,269
2016-09-20,288
2016-09-21,324
2016-09-22,279
2016-09-23,369
2016-09-24,142
2016-09-25,225
2016-09-26,260
2016-09-27,350
2016-09-28,331
2016-09-29,322
2016-09-30,277
2016-10-01,341
2016-10-02,232
2016-10-03,340
2016-10-04,233
2016-10-05,293
2016-10-06,269
2016-10-07,287
2016-10-08,232
2016-10-09,188
2016-10-10,341
2016-10-11,215
2016-10-12,267
2016-10-13,197
2016-10-14,260
2016-10-15,216
2016-10-16,241
2016-10-17,303
2016-10-18,285
2016-10-19,304
2016-10-20,259
2016-10-21,322
2016-10-22,170
2016-10-23,286
2016-10-24,315
2016-10-25,336
2016-10-26,224
2016-10-27,225
2016-10-28,214
2016-10-29,206
2016-10-30,168
2016-10-31,292
2016-11-01,294
2016-11-02,237
2016-11-03,256
2016-11-04,257
2016-11-05,218
2016-11-06,254
2016-11-07,250
2016-11-08,214
2016-11-09,257
2016-11-10,229
2016-11-11,212
2016-11-12,179
2016-11-13,179
2016-11-14,197
2016-11-15,205
2016-11-16,221
2016-11-17,255
2016-11-18,351
2016-11-19,238
2016-11-20,131
2016-11-21,285
2016-11-22,217
2016-11-23,244
2016-11-24,335
2016-11-25,243
2016-11-26,163
2016-11-27,193
2016-11-28,386
2016-11-29,261
2016-11-30,292
2016-12-01,297
2016-12-02,227
2016-12-03,211
2016-12-04,192
2016-12-05,333
2016-12-06,286
2016-12-07,260
2016-12-08,246
2016-12-09,330
2016-12-10,183
2016-12-11,198
2016-12-12,235
2016-12-13,210
2016-12-14,244
2016-12-15,201
2016-12-16,250
2016-12-17,116
2016-12-18,132
2016-12-19,181
2016-12-20,282
2016-12-21,214
2016-12-22,173
2016-12-23,157
2016-12-24,140
2016-12-25,186
2016-12-26,271
2016-12-27,242
2016-12-28,177
2016-12-29,232
2016-12-30,208
2016-12-31,184
2017-01-01,184
2017-01-02,296
2017-01-03,280
2017-01-04,280
2017-01-05,168
2017-01-06,248
2017-01-07,160
2017-01-08,200
2017-01-09,192
2017-01-10,200
2017-01-11,144
2017-01-12,168
2017-01-13,272
2017-01-14,192
2017-01-15,144
2017-01-16,224
2017-01-17,240
2017-01-18,264
2017-01-19,216
2017-01-20,232
2017-01-21,128
2017-01-22,80
2017-01-23,160
2017-01-24,208
2017-01-25,224
2017-01-26,176
2017-01-27,232
2017-01-28,152
2017-01-29,112
2017-01-30,256
2017-01-31,248
2017-02-01,224
2017-02-02,184
2017-02-03,176
2017-02-04,136
2017-02-05,128
2017-02-06,216
2017-02-07,192
2017-02-08,136
2017-02-09,144
2017-02-10,120
2017-02-11,144
2017-02-12,104
2017-02-13,200
2017-02-14,216
2017-02-15,312
2017-02-16,208
2017-02-17,184
2017-02-18,152
2017-02-19,168
2017-02-20,192
2017-02-21,176
2017-02-22,224
2017-02-23,200
2017-02-24,176
2017-02-25,216
2017-02-26,168
2017-02-27,208
2017-02-28,144
2017-03-01,184
2017-03-02,272
2017-03-03,248
2017-03-04,160
2017-03-05,128
2017-03-06,240
2017-03-07,328
2017-03-08,272
2017-03-09,256
2017-03-10,280
2017-03-11,160
2017-03-12,120
2017-03-13,248
2017-03-14,240
2017-03-15,248
2017-03-16,168
2017-03-17,296
2017-03-18,248
2017-03-19,176
2017-03-20,144
2017-03-21,168
2017-03-22,184
2017-03-23,184
2017-03-24,240
2017-03-25,216
2017-03-26,144
2017-03-27,264
2017-03-28,176
2017-03-29,368
2017-03-30,176
2017-03-31,344
2017-04-01,264
2017-04-02,176
2017-04-03,288
2017-04-04,336
2017-04-05,320
2017-04-06,424
2017-04-07,384
2017-04-08,240
2017-04-09,160
2017-04-10,408
2017-04-11,312
2017-04-12,368
2017-04-13,336
2017-04-14,168
2017-04-15,232
2017-04-16,296
2017-04-17,320
2017-04-18,288
2017-04-19,336
2017-04-20,312
2017-04-21,400
2017-04-22,224
2017-04-23,312
2017-04-24,328
2017-04-25,312
2017-04-26,384
2017-04-27,256
2017-04-28,400
2017-04-29,368
2017-04-30,248
2017-05-01,488
2017-05-02,392
2017-05-03,504
2017-05-04,328
2017-05-05,384
2017-05-06,240
2017-05-07,232
2017-05-08,472
2017-05-09,416
2017-05-10,560
2017-05-11,400
2017-05-12,352
2017-05-13,320
2017-05-14,344
2017-05-15,488
2017-05-16,464
2017-05-17,504
2017-05-18,408
2017-05-19,352
2017-05-20,256
2017-05-21,264
2017-05-22,464
2017-05-23,288
2017-05-24,488
2017-05-25,376
2017-05-26,432
2017-05-27,400
2017-05-28,368
2017-05-29,480
2017-05-30,392
2017-05-31,576
2017-06-01,472
2017-06-02,528
2017-06-03,296
2017-06-04,296
2017-06-05,472
2017-06-06,432
2017-06-07,440
2017-06-08,416
2017-06-09,336
2017-06-10,200
2017-06-11,376
2017-06-12,496
2017-06-13,440
2017-06-14,464
2017-06-15,376
2017-06-16,416
2017-06-17,288
2017-06-18,312
2017-06-19,400
2017-06-20,472
2017-06-21,456
2017-06-22,528
2017-06-23,384
2017-06-24,272
2017-06-25,280
2017-06-26,408
2017-06-27,352
2017-06-28,392
2017-06-29,328
2017-06-30,304
2017-07-01,392
2017-07-02,272
2017-07-03,408
2017-07-04,448
2017-07-05,312
2017-07-06,392
2017-07-07,392
2017-07-08,216
2017-07-09,256
2017-07-10,496
2017-07-11,512
2017-07-12,432
2017-07-13,448
2017-07-14,400
2017-07-15,352
2017-07-16,336
2017-07-17,504
2017-07-18,456
2017-07-19,352
2017-07-20,431
2017-07-21,400
2017-07-22,280
2017-07-23,255
2017-07-24,448
2017-07-25,328
2017-07-26,383
2017-07-27,408
2017-07-28,424
2017-07-29,352
2017-07-30,224
2017-07-31,312
2017-08-01,432
2017-08-02,392
2017-08-03,304
2017-08-04,328
2017-08-05,264
2017-08-06,256
2017-08-07,312
2017-08-08,287
2017-08-09,384
2017-08-10,288
2017-08-11,352
2017-08-12,304
2017-08-13,223
2017-08-14,368
2017-08-15,392
2017-08-16,384
2017-08-17,272
2017-08-18,288
2017-08-19,184
2017-08-20,216
2017-08-21,343
2017-08-22,392
2017-08-23,416
2017-08-24,368
2017-08-25,256
2017-08-26,192
2017-08-27,264
2017-08-28,328
2017-08-29,280
2017-08-30,352
2017-08-31,303
2017-09-01,400
2017-09-02,232
2017-09-03,208
2017-09-04,375
2017-09-05,408
2017-09-06,375
2017-09-07,264
2017-09-08,280
2017-09-09,208
2017-09-10,279
2017-09-11,287
2017-09-12,272
2017-09-13,384
2017-09-14,304
2017-09-15,278
2017-09-16,272
2017-09-17,200
2017-09-18,352
2017-09-19,287
2017-09-20,240
2017-09-21,287
2017-09-22,215
2017-09-23,208
2017-09-24,151
2017-09-25,311
2017-09-26,327
2017-09-27,414
2017-09-28,183
2017-09-29,255
2017-09-30,192
2017-10-01,511
2017-10-02,320
2017-10-03,334
2017-10-04,352
2017-10-05,239
2017-10-06,391
2017-10-07,231
2017-10-08,183
2017-10-09,312
2017-10-10,287
2017-10-11,294
2017-10-12,239
2017-10-13,224
2017-10-14,248
2017-10-15,215
2017-10-16,342
2017-10-17,312
2017-10-18,308
2017-10-19,247
2017-10-20,363
2017-10-21,159
2017-10-22,176
2017-10-23,283
2017-10-24,206
2017-10-25,270
2017-10-26,341
2017-10-27,269
2017-10-28,263
2017-10-29,204
2017-10-30,238
2017-10-31,335
2017-11-01,424
2017-11-02,330
2017-11-03,377
2017-11-04,229
2017-11-05,290
2017-11-06,403
2017-11-07,308
2017-11-08,310
2017-11-09,430
2017-11-10,286
2017-11-11,230
2017-11-12,205
2017-11-13,442
2017-11-14,332
2017-11-15,309
2017-11-16,426
2017-11-17,292
2017-11-18,376
2017-11-19,348
2017-11-20,278
2017-11-21,376
2017-11-22,209
2017-11-23,348
2017-11-24,289
2017-11-25,235
2017-11-26,265
2017-11-27,475
2017-11-28,186
2017-11-29,329
2017-11-30,350
2017-12-01,430
2017-12-02,218
2017-12-03,247
2017-12-04,346
2017-12-05,324
2017-12-06,365
2017-12-07,268
2017-12-08,297
2017-12-09,214
2017-12-10,274
2017-12-11,433
2017-12-12,246
2017-12-13,315
2017-12-14,253
2017-12-15,318
2017-12-16,267
2017-12-17,167
2017-12-18,281
2017-12-19,341
2017-12-20,283
2017-12-21,259
2017-12-22,313
2017-12-23,161
2017-12-24,181
2017-12-25,204
2017-12-26,330
2017-12-27,273
2017-12-28,261
2017-12-29,235
2017-12-30,105
2017-12-31,175
2018-01-01,350
2018-01-02,252
2018-01-03,161
2018-01-04,238
2018-01-05,224
2018-01-06,301
2018-01-07,133
2018-01-08,266
2018-01-09,189
2018-01-10,287
2018-01-11,182
2018-01-12,224
2018-01-13,175
2018-01-14,140
2018-01-15,203
2018-01-16,168
2018-01-17,266
2018-01-18,238
2018-01-19,266
2018-01-20,140
2018-01-21,154
2018-01-22,189
2018-01-23,252
2018-01-24,224
2018-01-25,203
2018-01-26,147
2018-01-27,147
2018-01-28,147
2018-01-29,203
2018-01-30,203
2018-01-31,245
2018-02-01,343
2018-02-02,203
2018-02-03,147
2018-02-04,147
2018-02-05,147
2018-02-06,294
2018-02-07,210
2018-02-08,217
2018-02-09,168
2018-02-10,161
2018-02-11,182
2018-02-12,266
2018-02-13,182
2018-02-14,161
2018-02-15,182
2018-02-16,231
2018-02-17,189
2018-02-18,231
2018-02-19,189
2018-02-20,245
2018-02-21,252
2018-02-22,196
2018-02-23,308
2018-02-24,126
2018-02-25,154
2018-02-26,112
2018-02-27,196
2018-02-28,245
2018-03-01,420
2018-03-02,189
2018-03-03,175
2018-03-04,189
2018-03-05,280
2018-03-06,259
2018-03-07,259
2018-03-08,245
2018-03-09,252
2018-03-10,217
2018-03-11,245
2018-03-12,357
2018-03-13,287
2018-03-14,301
2018-03-15,392
2018-03-16,322
2018-03-17,252
2018-03-18,217
2018-03-19,406
2018-03-20,399
2018-03-21,357
2018-03-22,427
2018-03-23,301
2018-03-24,252
2018-03-25,273
2018-03-26,301
2018-03-27,399
2018-03-28,385
2018-03-29,294
2018-03-30,203
2018-03-31,168
2018-04-01,609
2018-04-02,434
2018-04-03,399
2018-04-04,399
2018-04-05,511
2018-04-06,427
2018-04-07,357
2018-04-08,308
2018-04-09,553
2018-04-10,476
2018-04-11,518
2018-04-12,532
2018-04-13,462
2018-04-14,406
2018-04-15,420
2018-04-16,420
2018-04-17,532
2018-04-18,441
2018-04-19,497
2018-04-20,511
2018-04-21,518
2018-04-22,322
2018-04-23,406
2018-04-24,553
2018-04-25,637
2018-04-26,602
2018-04-27,588
2018-04-28,455
2018-04-29,399
2018-04-30,574
2018-05-01,693
2018-05-02,616
2018-05-03,518
2018-05-04,518
2018-05-05,462
2018-05-06,427
2018-05-07,602
2018-05-08,532
2018-05-09,525
2018-05-10,483
2018-05-11,427
2018-05-12,301
2018-05-13,378
2018-05-14,525
2018-05-15,658
2018-05-16,616
2018-05-17,427
2018-05-18,434
2018-05-19,350
2018-05-20,350
2018-05-21,560
2018-05-22,448
2018-05-23,455
2018-05-24,532
2018-05-25,399
2018-05-26,385
2018-05-27,448
2018-05-28,637
2018-05-29,427
2018-05-30,483
2018-05-31,434
2018-06-01,700
2018-06-02,469
2018-06-03,405
2018-06-04,455
2018-06-05,420
2018-06-06,378
2018-06-07,539
2018-06-08,497
2018-06-09,420
2018-06-10,273
2018-06-11,476
2018-06-12,427
2018-06-13,483
2018-06-14,364
2018-06-15,434
2018-06-16,364
2018-06-17,259
2018-06-18,301
2018-06-19,427
2018-06-20,405
2018-06-21,476
2018-06-22,385
2018-06-23,238
2018-06-24,427
2018-06-25,497
2018-06-26,574
2018-06-27,434
2018-06-28,448
2018-06-29,427
2018-06-30,399
2018-07-01,833
2018-07-02,483
2018-07-03,441
2018-07-04,483
2018-07-05,489
2018-07-06,419
2018-07-07,294
2018-07-08,273
2018-07-09,553
2018-07-10,385
2018-07-11,427
2018-07-12,392
2018-07-13,434
2018-07-14,252
2018-07-15,308
2018-07-16,504
2018-07-17,406
2018-07-18,406
2018-07-19,350
2018-07-20,378
2018-07-21,203
2018-07-22,280
2018-07-23,364
2018-07-24,315
2018-07-25,364
2018-07-26,350
2018-07-27,315
2018-07-28,238
2018-07-29,126
2018-07-30,196
2018-07-31,259
2018-08-01,574
2018-08-02,287
2018-08-03,231
2018-08-04,280
2018-08-05,231
2018-08-06,343
2018-08-07,364
2018-08-08,335
2018-08-09,251
2018-08-10,301
2018-08-11,259
2018-08-12,231
2018-08-13,504
2018-08-14,385
2018-08-15,483
2018-08-16,370
2018-08-17,490
2018-08-18,329
2018-08-19,287
2018-08-20,539
2018-08-21,399
2018-08-22,490
2018-08-23,434
2018-08-24,238
2018-08-25,245
2018-08-26,245
2018-08-27,413
2018-08-28,335
2018-08-29,266
2018-08-30,272
2018-08-31,363
2018-09-01,469
2018-09-02,217
2018-09-03,399
2018-09-04,413
2018-09-05,322
2018-09-06,280
2018-09-07,287
2018-09-08,294
2018-09-09,238
2018-09-10,405
2018-09-11,342
2018-09-12,266
2018-09-13,418
2018-09-14,329
2018-09-15,217
2018-09-16,196
2018-09-17,301
2018-09-18,406
2018-09-19,238
2018-09-20,356
2018-09-21,328
2018-09-22,237
2018-09-23,146
2018-09-24,250
2018-09-25,266
2018-09-26,280
2018-09-27,369
2018-09-28,265
2018-09-29,231
2018-09-30,125
2018-10-01,439
2018-10-02,332
2018-10-03,266
2018-10-04,397
2018-10-05,350
2018-10-06,238
2018-10-07,223
2018-10-08,417
2018-10-09,244
2018-10-10,265
2018-10-11,257
2018-10-12,236
2018-10-13,214
2018-10-14,231
2018-10-15,382
2018-10-16,276
2018-10-17,291
2018-10-18,346
2018-10-19,328
2018-10-20,251
2018-10-21,238
2018-10-22,236
2018-10-23,263
2018-10-24,315
2018-10-25,325
2018-10-26,345
2018-10-27,228
2018-10-28,222
2018-10-29,313
2018-10-30,291
2018-10-31,302
2018-11-01,565
2018-11-02,304
2018-11-03,227
2018-11-04,228
2018-11-05,416
2018-11-06,288
2018-11-07,379
2018-11-08,262
2018-11-09,255
2018-11-10,278
2018-11-11,226
2018-11-12,384
2018-11-13,319
2018-11-14,327
2018-11-15,320
2018-11-16,302
2018-11-17,225
2018-11-18,269
2018-11-19,338
2018-11-20,244
2018-11-21,262
2018-11-22,314
2018-11-23,280
2018-11-24,203
2018-11-25,294
2018-11-26,333
2018-11-27,359
2018-11-28,259
2018-11-29,225
2018-11-30,236
2018-12-01,374
2018-12-02,208
2018-12-03,269
2018-12-04,261
2018-12-05,166
2018-12-06,262
2018-12-07,253
2018-12-08,170
2018-12-09,178
2018-12-10,364
2018-12-11,250
2018-12-12,294
2018-12-13,272
2018-12-14,212
2018-12-15,146
2018-12-16,242
2018-12-17,287
2018-12-18,277
2018-12-19,225
2018-12-20,250
2018-12-21,237
2018-12-22,185
2018-12-23,157
2018-12-24,119
2018-12-25,144
2018-12-26,274
2018-12-27,248
2018-12-28,234
2018-12-29,171
2018-12-30,96
2018-12-31,156
2019-01-01,252
2019-01-02,228
2019-01-03,222
2019-01-04,210
2019-01-05,222
2019-01-06,168
2019-01-07,144
2019-01-08,240
2019-01-09,222
2019-01-10,204
2019-01-11,198
2019-01-12,264
2019-01-13,180
2019-01-14,204
2019-01-15,270
2019-01-16,144
2019-01-17,180
2019-01-18,204
2019-01-19,192
2019-01-20,96
2019-01-21,246
2019-01-22,198
2019-01-23,156
2019-01-24,180
2019-01-25,186
2019-01-26,150
2019-01-27,186
2019-01-28,210
2019-01-29,210
2019-01-30,222
2019-01-31,174
2019-02-01,240
2019-02-02,162
2019-02-03,144
2019-02-04,180
2019-02-05,180
2019-02-06,186
2019-02-07,84
2019-02-08,126
2019-02-09,132
2019-02-10,126
2019-02-11,186
2019-02-12,186
2019-02-13,156
2019-02-14,186
2019-02-15,120
2019-02-16,150
2019-02-17,132
2019-02-18,216
2019-02-19,180
2019-02-20,186
2019-02-21,204
2019-02-22,114
2019-02-23,180
2019-02-24,168
2019-02-25,270
2019-02-26,192
2019-02-27,216
2019-02-28,192
2019-03-01,336
2019-03-02,222
2019-03-03,162
2019-03-04,144
2019-03-05,162
2019-03-06,234
2019-03-07,270
2019-03-08,186
2019-03-09,192
2019-03-10,210
2019-03-11,264
2019-03-12,270
2019-03-13,252
2019-03-14,198
2019-03-15,252
2019-03-16,264
2019-03-17,198
2019-03-18,252
2019-03-19,258
2019-03-20,198
2019-03-21,192
2019-03-22,186
2019-03-23,234
2019-03-24,150
2019-03-25,312
2019-03-26,276
2019-03-27,216
2019-03-28,306
2019-03-29,234
2019-03-30,228
2019-03-31,204
2019-04-01,522
2019-04-02,414
2019-04-03,300
2019-04-04,384
2019-04-05,306
2019-04-06,264
2019-04-07,288
2019-04-08,372
2019-04-09,324
2019-04-10,354
2019-04-11,378
2019-04-12,450
2019-04-13,234
2019-04-14,336
2019-04-15,420
2019-04-16,420
2019-04-17,330
2019-04-18,426
2019-04-19,258
2019-04-20,300
2019-04-21,348
2019-04-22,516
2019-04-23,402
2019-04-24,396
2019-04-25,425
2019-04-26,354
2019-04-27,378
2019-04-28,306
2019-04-29,378
2019-04-30,348
2019-05-01,702
2019-05-02,402
2019-05-03,456
2019-05-04,426
2019-05-05,354
2019-05-06,528
2019-05-07,408
2019-05-08,450
2019-05-09,492
2019-05-10,390
2019-05-11,306
2019-05-12,312
2019-05-13,522
2019-05-14,372
2019-05-15,444
2019-05-16,372
2019-05-17,336
2019-05-18,306
2019-05-19,402
2019-05-20,492
2019-05-21,486
2019-05-22,444
2019-05-23,390
2019-05-24,306
2019-05-25,300
2019-05-26,372
2019-05-27,342
2019-05-28,390
2019-05-29,366
2019-05-30,402
2019-05-31,324
2019-06-01,624
2019-06-02,372
2019-06-03,443
2019-06-04,408
2019-06-05,366
2019-06-06,450
2019-06-07,312
2019-06-08,354
2019-06-09,342
2019-06-10,348
2019-06-11,330
2019-06-12,330
2019-06-13,366
2019-06-14,336
2019-06-15,336
2019-06-16,282
2019-06-17,450
2019-06-18,264
2019-06-19,366
2019-06-20,318
2019-06-21,312
2019-06-22,288
2019-06-23,258
2019-06-24,336
2019-06-25,372
2019-06-26,276
2019-06-27,330
2019-06-28,330
2019-06-29,168
2019-06-30,204
2019-07-01,618
2019-07-02,354
2019-07-03,275
2019-07-04,312
2019-07-05,264
2019-07-06,270
2019-07-07,150
2019-07-08,282
2019-07-09,336
2019-07-10,270
2019-07-11,222
2019-07-12,354
2019-07-13,174
2019-07-14,246
2019-07-15,336
2019-07-16,354
2019-07-17,270
2019-07-18,336
2019-07-19,390
2019-07-20,192
2019-07-21,252
2019-07-22,234
2019-07-23,288
2019-07-24,270
2019-07-25,246
2019-07-26,300
2019-07-27,120
2019-07-28,114
2019-07-29,240
2019-07-30,252
2019-07-31,300
2019-08-01,426
2019-08-02,222
2019-08-03,144
2019-08-04,192
2019-08-05,258
2019-08-06,252
2019-08-07,234
2019-08-08,192
2019-08-09,210
2019-08-10,150
2019-08-11,126
2019-08-12,234
2019-08-13,204
2019-08-14,180
2019-08-15,204
2019-08-16,162
2019-08-17,204
2019-08-18,180
2019-08-19,288
2019-08-20,258
2019-08-21,300
2019-08-22,288
2019-08-23,312
2019-08-24,168
2019-08-25,168
2019-08-26,318
2019-08-27,251
2019-08-28,252
2019-08-29,348
2019-08-30,204
2019-08-31,209
2019-09-01,360
2019-09-02,316
2019-09-03,264
2019-09-04,228
2019-09-05,264
2019-09-06,269
2019-09-07,180
2019-09-08,204
2019-09-09,294
2019-09-10,306
2019-09-11,293
2019-09-12,198
2019-09-13,234
2019-09-14,156
2019-09-15,149
2019-09-16,300
2019-09-17,258
2019-09-18,270
2019-09-19,228
2019-09-20,257
2019-09-21,172
2019-09-22,156
2019-09-23,191
2019-09-24,226
2019-09-25,251
2019-09-26,209
2019-09-27,186
2019-09-28,132
2019-09-29,162
2019-09-30,257
2019-10-01,419
2019-10-02,299
2019-10-03,232
2019-10-04,260
2019-10-05,221
2019-10-06,162
2019-10-07,246
2019-10-08,301
2019-10-09,178
2019-10-10,244
2019-10-11,195
2019-10-12,235
2019-10-13,182
2019-10-14,271
2019-10-15,257
2019-10-16,197
2019-10-17,242
2019-10-18,281
2019-10-19,192
2019-10-20,170
2019-10-21,212
2019-10-22,302
2019-10-23,222
2019-10-24,175
2019-10-25,232
2019-10-26,154
2019-10-27,185
2019-10-28,177
2019-10-29,165
2019-10-30,201
2019-10-31,224
2019-11-01,578
2019-11-02,213
2019-11-03,202
2019-11-04,259
2019-11-05,181
2019-11-06,214
2019-11-07,365
2019-11-08,272
2019-11-09,348
2019-11-10,244
2019-11-11,351
2019-11-12,278
2019-11-13,258
2019-11-14,309
2019-11-15,211
2019-11-16,290
2019-11-17,262
2019-11-18,201
2019-11-19,327
2019-11-20,238
2019-11-21,323
2019-11-22,235
2019-11-23,245
2019-11-24,163
2019-11-25,311
2019-11-26,340
2019-11-27,646
2019-11-28,186
2019-11-29,155
2019-11-30,156
2019-12-01,412
2019-12-02,303
2019-12-03,360
2019-12-04,322
2019-12-05,311
2019-12-06,366
2019-12-07,188
2019-12-08,228
2019-12-09,290
2019-12-10,213
2019-12-11,309
2019-12-12,249
2019-12-13,252
2019-12-14,265
2019-12-15,237
2019-12-16,277
2019-12-17,246
2019-12-18,283
2019-12-19,264
2019-12-20,252
2019-12-21,296
2019-12-22,202
2019-12-23,216
2019-12-24,167
2019-12-25,247
2019-12-26,266
2019-12-27,266
2019-12-28,222
2019-12-29,170
2019-12-30,181
2019-12-31,115
2020-01-01,245
2020-01-02,185
2020-01-03,230
2020-01-04,175
2020-01-05,180
2020-01-06,155
2020-01-07,195
2020-01-08,145
2020-01-09,215
2020-01-10,125
2020-01-11,135
2020-01-12,140
2020-01-13,150
2020-01-14,140
2020-01-15,145
2020-01-16,145
2020-01-17,175
2020-01-18,150
2020-01-19,155
2020-01-20,145
2020-01-21,190
2020-01-22,260
2020-01-23,149
2020-01-24,175
2020-01-25,220
2020-01-26,160
2020-01-27,240
2020-01-28,200
2020-01-29,170
2020-01-30,150
2020-01-31,165
2020-02-01,325
2020-02-02,160
2020-02-03,170
2020-02-04,145
2020-02-05,160
2020-02-06,170
2020-02-07,150
2020-02-08,130
2020-02-09,150
2020-02-10,200
2020-02-11,185
2020-02-12,155
2020-02-13,145
2020-02-14,210
2020-02-15,150
2020-02-16,145
2020-02-17,185
2020-02-18,225
2020-02-19,205
2020-02-20,245
2020-02-21,155
2020-02-22,170
2020-02-23,195
2020-02-24,110
2020-02-25,180
2020-02-26,250
2020-02-27,130
2020-02-28,190
2020-02-29,120
2020-03-01,230
2020-03-02,135
2020-03-03,150
2020-03-04,225
2020-03-05,225
2020-03-06,195
2020-03-07,200
2020-03-08,185
2020-03-09,285
2020-03-10,220
2020-03-11,270
2020-03-12,310
2020-03-13,235
2020-03-14,200
2020-03-15,210
2020-03-16,245
2020-03-17,300
2020-03-18,195
2020-03-19,205
2020-03-20,170
2020-03-21,165
2020-03-22,155
2020-03-23,155
2020-03-24,235
2020-03-25,215
2020-03-26,135
2020-03-27,190
2020-03-28,175
2020-03-29,205
2020-03-30,155
2020-03-31,125
2020-04-01,295
2020-04-02,135
2020-04-03,95
2020-04-04,85
2020-04-05,95
2020-04-06,155
2020-04-07,125
2020-04-08,185
2020-04-09,135
2020-04-10,165
2020-04-11,215
2020-04-12,100
2020-04-13,260
2020-04-14,345
2020-04-15,330
2020-04-16,265
2020-04-17,255
2020-04-18,240
2020-04-19,295
2020-04-20,315
2020-04-21,235
2020-04-22,295
2020-04-23,245
2020-04-24,240
2020-04-25,310
2020-04-26,355
2020-04-27,450
2020-04-28,295
2020-04-29,420
2020-04-30,390
2020-05-01,520
2020-05-02,185
2020-05-03,230
2020-05-04,130
2020-05-05,140
2020-05-06,225
2020-05-07,120
2020-05-08,150
2020-05-09,110
2020-05-10,130
2020-05-11,155
2020-05-12,190
2020-05-13,225
2020-05-14,200
2020-05-15,170
2020-05-16,110
2020-05-17,215
2020-05-18,155
2020-05-19,205
2020-05-20,185
2020-05-21,195
2020-05-22,200
2020-05-23,200
2020-05-24,185
2020-05-25,165
2020-05-26,175
2020-05-27,140
2020-05-28,145
2020-05-29,130
2020-05-30,150
2020-05-31,140
2020-06-01,345
2020-06-02,240
2020-06-03,220
2020-06-04,215
2020-06-05,225
2020-06-06,115
2020-06-07,175
2020-06-08,165
2020-06-09,250
2020-06-10,200
2020-06-11,115
2020-06-12,240
2020-06-13,150
2020-06-14,175
2020-06-15,210
2020-06-16,265
2020-06-17,200
2020-06-18,155
2020-06-19,225
2020-06-20,185
2020-06-21,130
2020-06-22,235
2020-06-23,185
2020-06-24,210
2020-06-25,225
2020-06-26,225
2020-06-27,165
2020-06-28,105
2020-06-29,190
2020-06-30,190
2020-07-01,345
2020-07-02,224
2020-07-03,195
2020-07-04,200
2020-07-05,145
2020-07-06,160
2020-07-07,165
2020-07-08,260
2020-07-09,175
2020-07-10,225
2020-07-11,190
2020-07-12,150
2020-07-13,180
2020-07-14,160
2020-07-15,165
2020-07-16,190
2020-07-17,170
2020-07-18,145
2020-07-19,110
2020-07-20,260
2020-07-21,145
2020-07-22,200
2020-07-23,160
2020-07-24,165
2020-07-25,165
2020-07-26,155
2020-07-27,165
2020-07-28,320
2020-07-29,125
2020-07-30,95
2020-07-31,124
2020-08-01,300
2020-08-02,140
2020-08-03,135
2020-08-04,185
2020-08-05,140
2020-08-06,160
2020-08-07,135
2020-08-08,95
2020-08-09,90
2020-08-10,140
2020-08-11,160
2020-08-12,197
2020-08-13,155
2020-08-14,170
2020-08-15,145
2020-08-16,145
2020-08-17,204
2020-08-18,165
2020-08-19,135
2020-08-20,160
2020-08-21,130
2020-08-22,140
2020-08-23,130
2020-08-24,139
2020-08-25,175
2020-08-26,100
2020-08-27,120
2020-08-28,199
2020-08-29,120
2020-08-30,115
2020-08-31,130
2020-09-01,315
2020-09-02,235
2020-09-03,155
2020-09-04,130
2020-09-05,215
2020-09-06,115
2020-09-07,190
2020-09-08,170
2020-09-09,205
2020-09-10,240
2020-09-11,210
2020-09-12,150
2020-09-13,194
2020-09-14,195
2020-09-15,153
2020-09-16,155
2020-09-17,200
2020-09-18,190
2020-09-19,160
2020-09-20,170
2020-09-21,159
2020-09-22,160
2020-09-23,114
2020-09-24,125
2020-09-25,164
2020-09-26,104
2020-09-27,105
2020-09-28,169
2020-09-29,165
2020-09-30,144
2020-10-01,354
2020-10-02,134
2020-10-03,183
2020-10-04,171
2020-10-05,209
2020-10-06,156
2020-10-07,213
2020-10-08,174
2020-10-09,172
2020-10-10,188
2020-10-11,194
2020-10-12,169
2020-10-13,183
2020-10-14,149
2020-10-15,124
2020-10-16,165
2020-10-17,198
2020-10-18,143
2020-10-19,241
2020-10-20,251
2020-10-21,273
2020-10-22,148
2020-10-23,164
2020-10-24,167
2020-10-25,178
2020-10-26,199
2020-10-27,201
2020-10-28,202
2020-10-29,168
2020-10-30,200
2020-10-31,148
2020-11-01,319
2020-11-02,225
2020-11-03,217
2020-11-04,211
2020-11-05,191
2020-11-06,199
2020-11-07,217
2020-11-08,159
2020-11-09,224
2020-11-10,251
2020-11-11,186
2020-11-12,208
2020-11-13,188
2020-11-14,234
2020-11-15,190
2020-11-16,216
2020-11-17,256
2020-11-18,214
2020-11-19,204
2020-11-20,169
2020-11-21,123
2020-11-22,150
2020-11-23,237
2020-11-24,202
2020-11-25,221
2020-11-26,183
2020-11-27,173
2020-11-28,213
2020-11-29,117
2020-11-30,322
2020-12-01,409
2020-12-02,300
2020-12-03,202
2020-12-04,238
2020-12-05,172
2020-12-06,259
2020-12-07,314
2020-12-08,172
2020-12-09,279
2020-12-10,179
2020-12-11,213
2020-12-12,201
2020-12-13,154
2020-12-14,234
2020-12-15,238
2020-12-16,268
2020-12-17,195
2020-12-18,227
2020-12-19,213
2020-12-20,251
2020-12-21,237
2020-12-22,170
2020-12-23,171
2020-12-24,155
2020-12-25,161
2020-12-26,167
2020-12-27,184
2020-12-28,177
2020-12-29,167
2020-12-30,132
2020-12-31,88
2021-01-01,308
2021-01-02,228
2021-01-03,200
2021-01-04,224
2021-01-05,200
2021-01-06,196
2021-01-07,224
2021-01-08,212
2021-01-09,200
2021-01-10,168
2021-01-11,264
2021-01-12,184
2021-01-13,180
2021-01-14,168
2021-01-15,224
2021-01-16,176
2021-01-17,212
2021-01-18,224
2021-01-19,224
2021-01-20,184
2021-01-21,184
2021-01-22,172
2021-01-23,188
2021-01-24,144
2021-01-25,196
2021-01-26,224
2021-01-27,160
2021-01-28,200
2021-01-29,112
2021-01-30,140
2021-01-31,148
2021-02-01,396
2021-02-02,156
2021-02-03,164
2021-02-04,148
2021-02-05,140
2021-02-06,148
2021-02-07,128
2021-02-08,172
2021-02-09,148
2021-02-10,132
2021-02-11,116
2021-02-12,140
2021-02-13,132
2021-02-14,108
2021-02-15,120
2021-02-16,84
2021-02-17,160
2021-02-18,152
2021-02-19,104
2021-02-20,128
2021-02-21,136
2021-02-22,180
2021-02-23,160
2021-02-24,176
2021-02-25,140
2021-02-26,128
2021-02-27,100
2021-02-28,68
2021-03-01,288
2021-03-02,96
2021-03-03,144
2021-03-04,196
2021-03-05,104
2021-03-06,148
2021-03-07,120
2021-03-08,168
2021-03-09,164
2021-03-10,156
2021-03-11,136
2021-03-12,172
2021-03-13,124
2021-03-14,124
2021-03-15,116
2021-03-16,168
2021-03-17,160
2021-03-18,108
2021-03-19,152
2021-03-20,144
2021-03-21,108
2021-03-22,112
2021-03-23,164
2021-03-24,144
2021-03-25,132
2021-03-26,156
2021-03-27,112
2021-03-28,156
2021-03-29,124
2021-03-30,88
2021-03-31,140
2021-04-01,228
2021-04-02,120
2021-04-03,120
2021-04-04,116
2021-04-05,124
2021-04-06,140
2021-04-07,124
2021-04-08,156
2021-04-09,92
2021-04-10,144
2021-04-11,100
2021-04-12,120
2021-04-13,112
2021-04-14,104
2021-04-15,152
2021-04-16,96
2021-04-17,88
2021-04-18,116
2021-04-19,140
2021-04-20,128
2021-04-21,88
2021-04-22,136
2021-04-23,108
2021-04-24,112
2021-04-25,96
2021-04-26,112
2021-04-27,140
2021-04-28,120
2021-04-29,92
2021-04-30,96
2021-05-01,204
2021-05-02,92
2021-05-03,152
2021-05-04,92
2021-05-05,92
2021-05-06,152
2021-05-07,136
2021-05-08,144
2021-05-09,172
2021-05-10,192
2021-05-11,192
2021-05-12,160
2021-05-13,180
2021-05-14,148
2021-05-15,132
2021-05-16,144
2021-05-17,216
2021-05-18,188
2021-05-19,208
2021-05-20,180
2021-05-21,208
2021-05-22,160
2021-05-23,96
2021-05-24,208
2021-05-25,204
2021-05-26,156
2021-05-27,152
2021-05-28,168
2021-05-29,92
2021-05-30,132
2021-05-31,108
2021-06-01,220
2021-06-02,128
2021-06-03,160
2021-06-04,104
2021-06-05,112
2021-06-06,108
2021-06-07,180
2021-06-08,168
2021-06-09,132
2021-06-10,128
2021-06-11,144
2021-06-12,112
2021-06-13,128
2021-06-14,140
2021-06-15,188
2021-06-16,100
2021-06-17,152
2021-06-18,144
2021-06-19,124
2021-06-20,156
2021-06-21,180
2021-06-22,156
2021-06-23,144
2021-06-24,136
2021-06-25,148
2021-06-26,156
2021-06-27,140
2021-06-28,92
2021-06-29,132
2021-06-30,144
2021-07-01,244
2021-07-02,164
2021-07-03,112
2021-07-04,176
2021-07-05,132
2021-07-06,216
2021-07-07,224
2021-07-08,208
2021-07-09,184
2021-07-10,208
2021-07-11,172
2021-07-12,184
2021-07-13,196
2021-07-14,136
2021-07-15,128
2021-07-16,188
2021-07-17,140
2021-07-18,152
2021-07-19,124
2021-07-20,156
2021-07-21,184
2021-07-22,92
2021-07-23,196
2021-07-24,136
2021-07-25,108
2021-07-26,172
2021-07-27,180
2021-07-28,148
2021-07-29,124
2021-07-30,112
2021-07-31,76
2021-08-01,176
2021-08-02,112
2021-08-03,167
2021-08-04,160
2021-08-05,152
2021-08-06,152
2021-08-07,140
2021-08-08,122
2021-08-09,194
2021-08-10,228
2021-08-11,182
2021-08-12,201
2021-08-13,197
2021-08-14,173
2021-08-15,195
2021-08-16,137
2021-08-17,197
2021-08-18,211
2021-08-19,160
2021-08-20,169
2021-08-21,132
2021-08-22,174
2021-08-23,166
2021-08-24,214
2021-08-25,177
2021-08-26,198
2021-08-27,196
2021-08-28,142
2021-08-29,128
2021-08-30,143
2021-08-31,107
2021-09-01,192
2021-09-02,131
2021-09-03,160
2021-09-04,160
2021-09-05,140
2021-09-06,132
2021-09-07,128
2021-09-08,176
2021-09-09,136
2021-09-10,152
2021-09-11,120
2021-09-12,152
2021-09-13,136
2021-09-14,192
2021-09-15,140
2021-09-16,184
2021-09-17,132
2021-09-18,144
2021-09-19,116
2021-09-20,220
2021-09-21,160
2021-09-22,104
2021-09-23,180
2021-09-24,159
2021-09-25,112
2021-09-26,143
2021-09-27,214
2021-09-28,219
2021-09-29,143
2021-09-30,177
2021-10-01,230
2021-10-02,149
2021-10-03,143
2021-10-04,206
2021-10-05,269
2021-10-06,232
2021-10-07,190
2021-10-08,164
2021-10-09,218
2021-10-10,134
2021-10-11,164
2021-10-12,179
2021-10-13,222
2021-10-14,231
2021-10-15,184
2021-10-16,151
2021-10-17,187
2021-10-18,164
2021-10-19,260
2021-10-20,161
2021-10-21,167
2021-10-22,180
2021-10-23,138
2021-10-24,150
2021-10-25,204
2021-10-26,220
2021-10-27,116
2021-10-28,189
2021-10-29,174
2021-10-30,174
2021-10-31,186
2021-11-01,375
2021-11-02,206
2021-11-03,211
2021-11-04,204
2021-11-05,190
2021-11-06,172
2021-11-07,202
2021-11-08,204
2021-11-09,277
2021-11-10,234
2021-11-11,221
2021-11-12,189
2021-11-13,154
2021-11-14,154
2021-11-15,203
2021-11-16,234
2021-11-17,242
2021-11-18,245
2021-11-19,250
2021-11-20,224
2021-11-21,230
2021-11-22,299
2021-11-23,203
2021-11-24,316
2021-11-25,283
2021-11-26,230
2021-11-27,263
2021-11-28,166
2021-11-29,244
2021-11-30,273
2021-12-01,384
2021-12-02,236
2021-12-03,240
2021-12-04,249
2021-12-05,215
2021-12-06,274
2021-12-07,299
2021-12-08,278
2021-12-09,218
2021-12-10,283
2021-12-11,211
2021-12-12,258
2021-12-13,298
2021-12-14,261
2021-12-15,379
2021-12-16,358
2021-12-17,283
2021-12-18,307
2021-12-19,308
2021-12-20,288
2021-12-21,219
2021-12-22,231
2021-12-23,218
2021-12-24,170
2021-12-25,126
2021-12-26,131
2021-12-27,188
2021-12-28,197
2021-12-29,178
2021-12-30,114
2021-12-31,105
2022-01-01,201
2022-01-02,138
2022-01-03,180
2022-01-04,162
2022-01-05,165
2022-01-06,144
2022-01-07,135
2022-01-08,99
2022-01-09,159
2022-01-10,117
2022-01-11,114
2022-01-12,153
2022-01-13,93
2022-01-14,108
2022-01-15,66
2022-01-16,117
2022-01-17,111
2022-01-18,111
2022-01-19,93
2022-01-20,105
2022-01-21,144
2022-01-22,114
2022-01-23,120
2022-01-24,117
2022-01-25,144
2022-01-26,165
2022-01-27,93
2022-01-28,126
2022-01-29,96
2022-01-30,75
2022-01-31,132
2022-02-01,207
2022-02-02,84
2022-02-03,120
2022-02-04,129
2022-02-05,144
2022-02-06,87
2022-02-07,84
2022-02-08,117
2022-02-09,111
2022-02-10,138
2022-02-11,111
2022-02-12,159
2022-02-13,141
2022-02-14,150
2022-02-15,216
2022-02-16,153
2022-02-17,189
2022-02-18,195
2022-02-19,171
2022-02-20,177
2022-02-21,216
2022-02-22,198
2022-02-23,207
2022-02-24,183
2022-02-25,186
2022-02-26,174
2022-02-27,147
2022-02-28,195
2022-03-01,288
2022-03-02,195
2022-03-03,189
2022-03-04,174
2022-03-05,192
2022-03-06,186
2022-03-07,201
2022-03-08,234
2022-03-09,198
2022-03-10,192
2022-03-11,198
2022-03-12,210
2022-03-13,171
2022-03-14,165
2022-03-15,201
2022-03-16,204
2022-03-17,183
2022-03-18,171
2022-03-19,177
2022-03-20,198
2022-03-21,198
2022-03-22,213
2022-03-23,192
2022-03-24,150
2022-03-25,237
2022-03-26,213
2022-03-27,156
2022-03-28,207
2022-03-29,216
2022-03-30,228
2022-03-31,216
2022-04-01,285
2022-04-02,150
2022-04-03,180
2022-04-04,213
2022-04-05,195
2022-04-06,213
2022-04-07,222
2022-04-08,183
2022-04-09,222
2022-04-10,183
2022-04-11,228
2022-04-12,258
2022-04-13,234
2022-04-14,186
2022-04-15,153
2022-04-16,159
2022-04-17,207
2022-04-18,210
2022-04-19,225
2022-04-20,225
2022-04-21,222
2022-04-22,216
2022-04-23,267
2022-04-24,195
2022-04-25,300
2022-04-26,216
2022-04-27,249
2022-04-28,198
2022-04-29,204
2022-04-30,201
2022-05-01,285
2022-05-02,234
2022-05-03,291
2022-05-04,261
2022-05-05,189
2022-05-06,231
2022-05-07,252
2022-05-08,183
2022-05-09,246
2022-05-10,234
2022-05-11,258
2022-05-12,234
2022-05-13,228
2022-05-14,189
2022-05-15,213
2022-05-16,225
2022-05-17,231
2022-05-18,321
2022-05-19,225
2022-05-20,207
2022-05-21,300
2022-05-22,207
2022-05-23,225
2022-05-24,282
2022-05-25,300
2022-05-26,228
2022-05-27,225
2022-05-28,240
2022-05-29,159
2022-05-30,159
2022-05-31,237
2022-06-01,417
2022-06-02,258
2022-06-03,237
2022-06-04,210
2022-06-05,156
2022-06-06,246
2022-06-07,231
2022-06-08,267
2022-06-09,237
2022-06-10,216
2022-06-11,216
2022-06-12,198
2022-06-13,228
2022-06-14,249
2022-06-15,198
2022-06-16,216
2022-06-17,180
2022-06-18,183
2022-06-19,183
2022-06-20,237
2022-06-21,273
2022-06-22,293
2022-06-23,204
2022-06-24,228
2022-06-25,168
2022-06-26,192
2022-06-27,233
2022-06-28,186
2022-06-29,198
2022-06-30,174
2022-07-01,267
2022-07-02,213
2022-07-03,213
2022-07-04,312
2022-07-05,252
2022-07-06,183
2022-07-07,192
2022-07-08,234
2022-07-09,213
2022-07-10,138
2022-07-11,267
2022-07-12,186
2022-07-13,249
2022-07-14,186
2022-07-15,246
2022-07-16,183
2022-07-17,204
2022-07-18,243
2022-07-19,231
2022-07-20,246
2022-07-21,273
2022-07-22,183
2022-07-23,180
2022-07-24,129
2022-07-25,192
2022-07-26,180
2022-07-27,186
2022-07-28,159
2022-07-29,165
2022-07-30,114
2022-07-31,159
2022-08-01,246
2022-08-02,225
2022-08-03,183
2022-08-04,174
2022-08-05,180
2022-08-06,198
2022-08-07,189
2022-08-08,219
2022-08-09,269
2022-08-10,234
2022-08-11,171
2022-08-12,228
2022-08-13,222
2022-08-14,219
2022-08-15,234
2022-08-16,249
2022-08-17,290
2022-08-18,265
2022-08-19,234
2022-08-20,264
2022-08-21,195
2022-08-22,219
2022-08-23,183
2022-08-24,225
2022-08-25,207
2022-08-26,252
2022-08-27,183
2022-08-28,152
2022-08-29,117
2022-08-30,185
2022-08-31,153
2022-09-01,300
2022-09-02,153
2022-09-03,186
2022-09-04,144
2022-09-05,183
2022-09-06,228
2022-09-07,189
2022-09-08,210
2022-09-09,175
2022-09-10,207
2022-09-11,162
2022-09-12,204
2022-09-13,212
2022-09-14,201
2022-09-15,158
2022-09-16,138
2022-09-17,106
2022-09-18,141
2022-09-19,150
2022-09-20,219
2022-09-21,212
2022-09-22,147
2022-09-23,183
2022-09-24,141
2022-09-25,195
2022-09-26,198
2022-09-27,189
2022-09-28,178
2022-09-29,168
2022-09-30,144
2022-10-01,210
2022-10-02,142
2022-10-03,216
2022-10-04,185
2022-10-05,211
2022-10-06,185
2022-10-07,156
2022-10-08,172
2022-10-09,161
2022-10-10,161
2022-10-11,226
2022-10-12,158
2022-10-13,178
2022-10-14,165
2022-10-15,203
2022-10-16,162
2022-10-17,182
2022-10-18,195
2022-10-19,184
2022-10-20,168
2022-10-21,166
2022-10-22,156
2022-10-23,163
2022-10-24,179
2022-10-25,184
2022-10-26,133
2022-10-27,166
2022-10-28,182
2022-10-29,122
2022-10-30,129
2022-10-31,188
2022-11-01,241
2022-11-02,206
2022-11-03,135
2022-11-04,158
2022-11-05,157
2022-11-06,138
2022-11-07,189
2022-11-08,179
2022-11-09,210
2022-11-10,160
2022-11-11,166
2022-11-12,196
2022-11-13,141
2022-11-14,183
2022-11-15,197
2022-11-16,174
2022-11-17,176
2022-11-18,163
2022-11-19,211
2022-11-20,118
2022-11-21,123
2022-11-22,176
2022-11-23,160
2022-11-24,110
2022-11-25,166
2022-11-26,120
2022-11-27,66
2022-11-28,116
2022-11-29,150
2022-11-30,134
2022-12-01,209
2022-12-02,123
2022-12-03,147
2022-12-04,158
2022-12-05,104
2022-12-06,147
2022-12-07,149
2022-12-08,122
2022-12-09,132
2022-12-10,194
2022-12-11,89
2022-12-12,103
2022-12-13,81
2022-12-14,123
2022-12-15,96
2022-12-16,215
2022-12-17,122
2022-12-18,126
2022-12-19,87
2022-12-20,146
2022-12-21,124
2022-12-22,73
2022-12-23,106
2022-12-24,86
2022-12-25,88
2022-12-26,129
2022-12-27,135
2022-12-28,129
2022-12-29,72
2022-12-30,99
2022-12-31,88
2023-01-01,132
2023-01-02,64
2023-01-03,94
2023-01-04,124
2023-01-05,90
2023-01-06,54
2023-01-07,88
2023-01-08,68
2023-01-09,68
2023-01-10,106
2023-01-11,112
2023-01-12,80
2023-01-13,98
2023-01-14,74
2023-01-15,62
2023-01-16,86
2023-01-17,96
2023-01-18,96
2023-01-19,84
2023-01-20,96
2023-01-21,90
2023-01-22,58
2023-01-23,96
2023-01-24,84
2023-01-25,80
2023-01-26,96
2023-01-27,84
2023-01-28,92
2023-01-29,72
2023-01-30,62
2023-01-31,112
2023-02-01,108
2023-02-02,94
2023-02-03,104
2023-02-04,88
2023-02-05,72
2023-02-06,100
2023-02-07,56
2023-02-08,94
2023-02-09,102
2023-02-10,102
2023-02-11,106
2023-02-12,110
2023-02-13,156
2023-02-14,148
2023-02-15,98
2023-02-16,140
2023-02-17,132
2023-02-18,110
2023-02-19,104
2023-02-20,92
2023-02-21,126
2023-02-22,112
2023-02-23,106
2023-02-24,120
2023-02-25,146
2023-02-26,70
2023-02-27,94
2023-02-28,102
2023-03-01,280
2023-03-02,98
2023-03-03,114
2023-03-04,100
2023-03-05,110
2023-03-06,140
2023-03-07,146
2023-03-08,150
2023-03-09,136
2023-03-10,132
2023-03-11,100
2023-03-12,162
2023-03-13,174
2023-03-14,158
2023-03-15,148
2023-03-16,124
2023-03-17,148
2023-03-18,132
2023-03-19,118
2023-03-20,184
2023-03-21,144
2023-03-22,174
2023-03-23,198
2023-03-24,148
2023-03-25,152
2023-03-26,132
2023-03-27,174
2023-03-28,136
2023-03-29,210
2023-03-30,200
2023-03-31,204
2023-04-01,182
2023-04-02,188
2023-04-03,242
2023-04-04,168
2023-04-05,210
2023-04-06,166
2023-04-07,136
2023-04-08,160
2023-04-09,134
2023-04-10,194
2023-04-11,212
2023-04-12,216
2023-04-13,152
2023-04-14,166
2023-04-15,166
2023-04-16,182
2023-04-17,190
2023-04-18,210
2023-04-19,188
2023-04-20,186
2023-04-21,142
2023-04-22,178
2023-04-23,136
2023-04-24,218
2023-04-25,210
2023-04-26,214
2023-04-27,190
2023-04-28,144
2023-04-29,146
2023-04-30,130
2023-05-01,176
2023-05-02,234
2023-05-03,198
2023-05-04,174
2023-05-05,180
2023-05-06,180
2023-05-07,154
2023-05-08,184
2023-05-09,192
2023-05-10,214
2023-05-11,174
2023-05-12,154
2023-05-13,140
2023-05-14,170
2023-05-15,160
2023-05-16,156
2023-05-17,182
2023-05-18,142
2023-05-19,164
2023-05-20,140
2023-05-21,126
2023-05-22,176
2023-05-23,170
2023-05-24,184
2023-05-25,142
2023-05-26,144
2023-05-27,142
2023-05-28,114
2023-05-29,120
2023-05-30,144
2023-05-31,178
2023-06-01,216
2023-06-02,150
2023-06-03,145
2023-06-04,112
2023-06-05,124
2023-06-06,148
2023-06-07,160
2023-06-08,156
2023-06-09,162
2023-06-10,148
2023-06-11,128
2023-06-12,158
2023-06-13,158
2023-06-14,204
2023-06-15,156
2023-06-16,166
2023-06-17,132
2023-06-18,112
2023-06-19,134
2023-06-20,160
2023-06-21,154
2023-06-22,130
2023-06-23,154
2023-06-24,126
2023-06-25,124
2023-06-26,168
2023-06-27,126
2023-06-28,152
2023-06-29,124
2023-06-30,120
2023-07-01,216
2023-07-02,100
2023-07-03,136
2023-07-04,170
2023-07-05,126
2023-07-06,148
2023-07-07,169
2023-07-08,122
2023-07-09,136
2023-07-10,150
2023-07-11,156
2023-07-12,161
2023-07-13,134
2023-07-14,132
2023-07-15,132
2023-07-16,138
2023-07-17,147
2023-07-18,130
2023-07-19,160
2023-07-20,144
2023-07-21,112
2023-07-22,110
2023-07-23,105
2023-07-24,120
2023-07-25,124
2023-07-26,156
2023-07-27,100
2023-07-28,126
2023-07-29,96
2023-07-30,89
2023-07-31,68
2023-08-01,156
2023-08-02,120
2023-08-03,100
2023-08-04,90
2023-08-05,118
2023-08-06,88
2023-08-07,122
2023-08-08,109
2023-08-09,102
2023-08-10,110
2023-08-11,134
2023-08-12,124
2023-08-13,89
2023-08-14,104
2023-08-15,152
2023-08-16,142
2023-08-17,112
2023-08-18,122
2023-08-19,112
2023-08-20,142
2023-08-21,105
2023-08-22,148
2023-08-23,124
2023-08-24,156
2023-08-25,164
2023-08-26,120
2023-08-27,108
2023-08-28,110
2023-08-29,152
2023-08-30,124
2023-08-31,118
2023-09-01,197
2023-09-02,124
2023-09-03,82
2023-09-04,127
2023-09-05,148
2023-09-06,150
2023-09-07,113
2023-09-08,98
2023-09-09,118
2023-09-10,90
2023-09-11,118
2023-09-12,102
2023-09-13,99
2023-09-14,142
2023-09-15,115
2023-09-16,123
2023-09-17,108
2023-09-18,95
2023-09-19,114
2023-09-20,130
2023-09-21,129
2023-09-22,103
2023-09-23,95
2023-09-24,99
2023-09-25,122
2023-09-26,128
2023-09-27,100
2023-09-28,118
2023-09-29,79
2023-09-30,92
2023-10-01,189
2023-10-02,92
2023-10-03,139
2023-10-04,135
2023-10-05,101
2023-10-06,97
2023-10-07,126
2023-10-08,117
2023-10-09,122
2023-10-10,133
2023-10-11,97
2023-10-12,133
2023-10-13,105
2023-10-14,108
2023-10-15,78
2023-10-16,125
2023-10-17,126
2023-10-18,121
2023-10-19,103
2023-10-20,101
2023-10-21,73
2023-10-22,77
2023-10-23,102
2023-10-24,132
2023-10-25,127
2023-10-26,98
2023-10-27,129
2023-10-28,82
2023-10-29,90
2023-10-30,111
2023-10-31,109
2023-11-01,219
2023-11-02,97
2023-11-03,111
2023-11-04,80
2023-11-05,85
2023-11-06,77
2023-11-07,94
2023-11-08,112
2023-11-09,95
2023-11-10,92
2023-11-11,103
2023-11-12,66
2023-11-13,79
2023-11-14,85
2023-11-15,96
2023-11-16,99
2023-11-17,86
2023-11-18,112
2023-11-19,102
2023-11-20,93
2023-11-21,90
2023-11-22,77
2023-11-23,120
2023-11-24,86
2023-11-25,87
2023-11-26,67
2023-11-27,92
2023-11-28,72
2023-11-29,68
2023-11-30,56
2023-12-01,180
2023-12-02,109
2023-12-03,41
2023-12-04,88
2023-12-05,90
2023-12-06,59
2023-12-07,98
2023-12-08,73
2023-12-09,81
2023-12-10,58
2023-12-11,77
2023-12-12,70
2023-12-13,68
2023-12-14,45
2023-12-15,74
2023-12-16,57
2023-12-17,35
2023-12-18,60
2023-12-19,69
2023-12-20,47
2023-12-21,51
2023-12-22,65
2023-12-23,51
2023-12-24,41
2023-12-25,31
2023-12-26,82
2023-12-27,50
2023-12-28,43
2023-12-29,38
2023-12-30,38
2023-12-31,24
2024-01-01,69
2024-01-02,44
2024-01-03,48
2024-01-04,29
2024-01-05,34
2024-01-06,37
2024-01-07,31
2024-01-08,46
2024-01-09,40
2024-01-10,46
2024-01-11,35
2024-01-12,32
2024-01-13,32
2024-01-14,17
2024-01-15,34
2024-01-16,39
2024-01-17,36
2024-01-18,32
2024-01-19,34
2024-01-20,32
2024-01-21,38
2024-01-22,32
2024-01-23,34
2024-01-24,40
2024-01-25,35
2024-01-26,37
2024-01-27,34
2024-01-28,28
2024-01-29,34
2024-01-30,27
2024-01-31,22
2024-02-01,46
2024-02-02,31
2024-02-03,27
2024-02-04,32
2024-02-05,43
2024-02-06,35
2024-02-07,30
2024-02-08,32
2024-02-09,31
2024-02-10,39
2024-02-11,37
2024-02-12,35
2024-02-13,36
2024-02-14,34
2024-02-15,45
2024-02-16,51
2024-02-17,44
2024-02-18,49
2024-02-19,31
2024-02-20,35
2024-02-21,34
2024-02-22,32
2024-02-23,41
2024-02-24,47
2024-02-25,48
2024-02-26,45
2024-02-27,41
2024-02-28,51
2024-02-29,39
2024-03-01,93
2024-03-02,46
2024-03-03,41
2024-03-04,60
2024-03-05,59
2024-03-06,51
2024-03-07,67
2024-03-08,60
2024-03-09,47
2024-03-10,48
2024-03-11,61
2024-03-12,50
2024-03-13,54
2024-03-14,60
2024-03-15,43
2024-03-16,60
2024-03-17,51
2024-03-18,51
2024-03-19,68
2024-03-20,58
2024-03-21,67
2024-03-22,68
2024-03-23,40
2024-03-24,61
2024-03-25,50
2024-03-26,58
2024-03-27,57
2024-03-28,70
2024-03-29,49
2024-03-30,40
2024-03-31,44
2024-04-01,108
2024-04-02,75
2024-04-03,70
2024-04-04,81
2024-04-05,72
2024-04-06,69
2024-04-07,73
2024-04-08,67
2024-04-09,66
2024-04-10,75
2024-04-11,71
2024-04-12,94
2024-04-13,79
2024-04-14,61
2024-04-15,80
2024-04-16,71
2024-04-17,94
2024-04-18,84
2024-04-19,56
2024-04-20,61
2024-04-21,82
2024-04-22,74
2024-04-23,65
2024-04-24,88
2024-04-25,71
2024-04-26,74
2024-04-27,61
2024-04-28,53
2024-04-29,66
2024-04-30,58
2024-05-01,155
2024-05-02,89
2024-05-03,95
2024-05-04,82
2024-05-05,75
2024-05-06,69
2024-05-07,77
2024-05-08,95
2024-05-09,92
2024-05-10,76
2024-05-11,53
2024-05-12,68
2024-05-13,81
2024-05-14,76
2024-05-15,107
2024-05-16,77
2024-05-17,72
2024-05-18,74
2024-05-19,65
2024-05-20,68
2024-05-21,73
2024-05-22,66
2024-05-23,76
2024-05-24,80
2024-05-25,62
2024-05-26,65
2024-05-27,59
2024-05-28,72
2024-05-29,69
2024-05-30,59
2024-05-31,73
2024-06-01,105
2024-06-02,51
2024-06-03,75
2024-06-04,76
2024-06-05,75
2024-06-06,84
2024-06-07,76
2024-06-08,72
2024-06-09,67
2024-06-10,74
2024-06-11,92
2024-06-12,93
2024-06-13,86
2024-06-14,88
2024-06-15,69
2024-06-16,79
2024-06-17,69
2024-06-18,70
2024-06-19,75
2024-06-20,69
2024-06-21,68
2024-06-22,78
2024-06-23,59
2024-06-24,75
2024-06-25,75
2024-06-26,80
2024-06-27,76
2024-06-28,60
2024-06-29,60
2024-06-30,48
2024-07-01,113
2024-07-02,67
2024-07-03,67
2024-07-04,63
2024-07-05,61
2024-07-06,70
2024-07-07,63
2024-07-08,86
2024-07-09,64
2024-07-10,62
2024-07-11,43
2024-07-12,62
2024-07-13,46
2024-07-14,67
2024-07-15,71
2024-07-16,65
2024-07-17,59
2024-07-18,69
2024-07-19,58
2024-07-20,54
2024-07-21,43
2024-07-22,54
2024-07-23,58
2024-07-24,60
2024-07-25,52
2024-07-26,48
2024-07-27,39
2024-07-28,38
2024-07-29,52
2024-07-30,44
2024-07-31,46
2024-08-01,113
2024-08-02,49
2024-08-03,45
2024-08-04,50
2024-08-05,55
2024-08-06,62
2024-08-07,55
2024-08-08,60
2024-08-09,62
2024-08-10,57
2024-08-11,50
2024-08-12,57
2024-08-13,58
2024-08-14,60
2024-08-15,65
2024-08-16,63
2024-08-17,61
2024-08-18,52
2024-08-19,76
2024-08-20,76
2024-08-21,69
2024-08-22,74
2024-08-23,79
2024-08-24,58
2024-08-25,48
2024-08-26,52
2024-08-27,54
2024-08-28,60
2024-08-29,54
2024-08-30,42
2024-08-31,44
2024-09-01,111
2024-09-02,48
2024-09-03,63
2024-09-04,50
2024-09-05,69
2024-09-06,54
2024-09-07,47
2024-09-08,57
2024-09-09,55
2024-09-10,77
2024-09-11,58
2024-09-12,68
2024-09-13,61
2024-09-14,49
2024-09-15,59
2024-09-16,58
2024-09-17,71
2024-09-18,74
2024-09-19,61
2024-09-20,54
2024-09-21,49
2024-09-22,56
2024-09-23,57
2024-09-24,60
2024-09-25,78
2024-09-26,44
2024-09-27,58
2024-09-28,44
2024-09-29,31
2024-09-30,47
2024-10-01,95
2024-10-02,58
2024-10-03,54
2024-10-04,37
2024-10-05,42
2024-10-06,49
2024-10-07,50
2024-10-08,58
2024-10-09,65
2024-10-10,58
2024-10-11,59
2024-10-12,41
2024-10-13,36
2024-10-14,47
2024-10-15,56
2024-10-16,42
2024-10-17,55
2024-10-18,49
2024-10-19,42
2024-10-20,43
2024-10-21,59
2024-10-22,55
2024-10-23,61
2024-10-24,52
2024-10-25,64
2024-10-26,51
2024-10-27,48
2024-10-28,66
2024-10-29,36
2024-10-30,41
2024-10-31,38
2024-11-01,78
2024-11-02,47
2024-11-03,44
2024-11-04,64
2024-11-05,43
2024-11-06,43
2024-11-07,49
2024-11-08,48
2024-11-09,43
2024-11-10,48
2024-11-11,37
2024-11-12,52
2024-11-13,45
2024-11-14,33
2024-11-15,53
2024-11-16,31
2024-11-17,49
2024-11-18,37
2024-11-19,44
2024-11-20,31
2024-11-21,31
2024-11-22,36
2024-11-23,33
2024-11-24,40
2024-11-25,39
2024-11-26,29
2024-11-27,31
2024-11-28,34
2024-11-29,30
2024-11-30,33
2024-12-01,48
2024-12-02,37
2024-12-03,41
2024-12-04,29
2024-12-05,32
2024-12-06,27
2024-12-07,35
2024-12-08,38
2024-12-09,23
2024-12-10,27
2024-12-11,28
2024-12-12,25
2024-12-13,26
2024-12-14,28
2024-12-15,18
2024-12-16,32
2024-12-17,26
2024-12-18,26
2024-12-19,20
2024-12-20,19
2024-12-21,16
2024-12-22,29
2024-12-23,18
2024-12-24,15
2024-12-25,15
2024-12-26,14
2024-12-27,19
2024-12-28,13
2024-12-29,6
2024-12-30,1
